Frame,GT_X(m),GT_Y(m),Meas_X(m),Meas_Y(m),Filt_X(m),Filt_Y(m),NIS
0,100.0000,75.0000,100.1421,74.7539,100.1366,74.7750,1.7390
1,100.1491,75.1491,100.0540,74.8101,100.0774,74.7819,1.1991
2,100.2981,75.2981,100.2351,75.3836,100.1811,75.3110,1.6464
3,100.4472,75.4472,100.7143,75.5651,100.6211,75.5277,6.3108
4,100.5963,75.5962,100.4540,75.7640,100.5427,75.7912,3.9328
5,100.7453,75.7451,100.6758,76.2432,100.7237,76.0797,2.6854
6,100.8943,75.8940,101.0308,75.8361,100.9397,76.1025,2.6771
7,101.0433,76.0429,101.3117,75.6280,101.1974,75.9892,3.8293
8,101.1923,76.1916,101.0181,76.2354,101.1895,76.0909,3.7047
9,101.3413,76.3403,101.6505,76.2790,101.5601,76.2104,3.3404
10,101.4903,76.4889,101.5040,76.7072,101.6032,76.5138,1.6048
11,101.6392,76.6374,101.7681,76.1449,101.7330,76.4176,2.7550
12,101.7881,76.7857,101.8354,76.7288,101.9012,76.5394,2.5513
13,101.9369,76.9340,101.8486,76.6088,101.9006,76.6496,2.1360
14,102.0858,77.0821,102.1292,76.6931,102.0739,76.7376,0.4670
15,102.2345,77.2300,102.2003,77.4276,102.2016,77.1454,4.7067
16,102.3833,77.3778,102.4784,77.4860,102.4013,77.4468,3.5348
17,102.5320,77.5254,102.7358,77.2311,102.6651,77.4150,1.9892
18,102.6807,77.6728,102.9746,77.8857,102.8535,77.8606,8.2721
19,102.8293,77.8200,102.6083,78.1532,102.7977,78.0297,4.2080
20,102.9778,77.9670,102.7137,77.9246,102.8107,78.0308,1.9591
21,103.1263,78.1138,103.0412,77.7767,102.9983,77.9654,1.3138
22,103.2748,78.2604,103.3133,78.0251,103.2119,78.1075,1.5518
23,103.4232,78.4067,103.2688,78.5340,103.3098,78.3553,2.7304
24,103.5715,78.5528,103.5462,78.6754,103.5088,78.5783,0.3892
25,103.7197,78.6987,103.5974,78.5578,103.6104,78.6449,2.3765
26,103.8679,78.8442,103.6429,78.6611,103.6924,78.7023,2.0484
27,104.0161,78.9895,104.2467,79.1969,104.0642,79.0415,4.7153
28,104.1641,79.1345,104.0739,79.3354,104.0914,79.3514,4.7679
29,104.3121,79.2792,104.3442,78.9360,104.3181,79.1965,4.0007
30,104.4600,79.4236,104.2454,79.6284,104.3921,79.3553,5.1598
31,104.6078,79.5677,104.5533,80.0671,104.5208,79.8275,4.3969
32,104.7555,79.7114,104.9711,79.8001,104.8400,79.9173,2.4865
33,104.9032,79.8548,105.0907,79.4876,105.0045,79.9006,4.9575
34,105.0507,79.9979,104.7833,79.9674,104.9565,79.9614,2.7136
35,105.1982,80.1405,105.3304,80.4038,105.2036,80.3164,3.7518
36,105.3456,80.2828,105.2920,80.7431,105.3163,80.6038,1.5270
37,105.4928,80.4248,105.5233,80.4727,105.4990,80.6320,1.1526
38,105.6400,80.5663,105.4637,80.5572,105.5400,80.6738,1.0053
39,105.7871,80.7074,106.0894,81.1007,105.9197,80.9636,3.1742
40,105.9340,80.8481,105.5977,80.7799,105.7948,80.9605,3.8406
41,106.0809,80.9884,106.2587,80.8098,106.1120,80.9976,5.9955
42,106.2277,81.1283,106.2553,81.2288,106.2699,81.1495,2.0096
43,106.3743,81.2677,106.4179,81.1121,106.4064,81.2362,0.8583
44,106.5208,81.4066,106.7890,81.0721,106.6367,81.3670,8.8986
45,106.6672,81.5451,106.9338,81.5911,106.8809,81.5317,0.5205
46,106.8135,81.6831,106.6956,81.6789,106.8348,81.6863,1.9773
47,106.9596,81.8207,107.1459,81.3932,107.0740,81.6293,2.2146
48,107.1057,81.9577,107.2239,81.8036,107.2422,81.7342,0.4208
49,107.2516,82.0942,107.0392,82.1317,107.1933,81.9684,2.9197
50,107.3973,82.2302,107.3994,82.0768,107.3639,82.1064,2.6165
51,107.5430,82.3657,107.5147,81.8678,107.5055,82.0746,1.0568
52,107.6885,82.5007,107.5642,82.7080,107.5473,82.5635,17.2263
53,107.8338,82.6351,107.9837,82.7759,107.8481,82.7629,2.0849
54,107.9791,82.7690,108.0020,82.6137,107.9896,82.7955,1.1691
55,108.1241,82.9022,108.1285,83.4428,108.2053,82.9708,11.4398
56,108.2691,83.0350,108.0336,83.2286,108.1657,83.1733,1.7115
57,108.4138,83.1671,108.4262,83.1010,108.3516,83.2798,1.5841
58,108.5585,83.2986,108.4537,82.9649,108.4840,83.1685,4.9398
59,108.7029,83.4296,108.7258,82.9288,108.6450,83.2280,4.3676
60,108.8472,83.5599,108.8527,83.1897,108.8106,83.3113,0.5775
61,108.9914,83.6896,108.8995,83.5684,108.9206,83.4977,2.0234
62,109.1354,83.8187,109.4741,84.1503,109.2948,83.8780,5.0701
63,109.2792,83.9471,109.4603,84.6861,109.4641,84.3039,3.1631
64,109.4228,84.0749,109.6018,84.0968,109.6231,84.2511,3.1179
65,109.5663,84.2021,109.7131,84.4406,109.7302,84.4612,10.5641
66,109.7096,84.3285,109.4260,84.2975,109.6587,84.3460,8.1431
67,109.8528,84.4543,109.4917,84.5261,109.6418,84.4348,2.0365
68,109.9957,84.5794,110.2324,84.8130,110.0376,84.6756,3.2968
69,110.1385,84.7038,110.1346,84.7558,110.1697,84.7404,0.6795
70,110.2811,84.8275,109.9358,85.0167,110.1139,84.8785,2.9932
71,110.4235,84.9505,110.7780,85.1233,110.5864,84.9511,8.0673
72,110.5657,85.0728,110.5839,85.1812,110.6658,85.0764,0.9174
73,110.7077,85.1943,110.4940,85.2485,110.6262,85.2352,1.5422
74,110.8495,85.3151,110.8889,85.3545,110.8359,85.3490,2.1117
75,110.9912,85.4351,110.9667,85.0413,110.9654,85.2909,1.2847
76,111.1326,85.5544,110.9227,85.5730,111.0128,85.4372,1.2076
77,111.2738,85.6730,111.4815,85.5835,111.3322,85.5869,1.8161
78,111.4148,85.7907,111.2951,85.9370,111.3769,85.7867,3.2009
79,111.5557,85.9077,111.5741,86.0234,111.5622,85.9149,0.7131
80,111.6963,86.0238,112.0069,85.7722,111.8427,86.0304,4.2670
81,111.8367,86.1392,111.8212,85.5829,111.8933,85.8890,2.9575
82,111.9768,86.2538,111.8736,86.6102,111.9550,86.2377,2.8074
83,112.1168,86.3675,112.0482,86.2767,112.0813,86.2676,1.0735
84,112.2565,86.4805,112.1070,86.3494,112.1608,86.3491,0.4496
85,112.3961,86.5926,112.2361,86.5154,112.2599,86.4936,0.2897
86,112.5354,86.7038,112.4565,86.9918,112.4375,86.7731,4.3460
87,112.6744,86.8142,112.7886,86.3440,112.6742,86.7138,2.8577
88,112.8133,86.9237,112.7621,87.2804,112.8068,86.9541,1.9150
89,112.9519,87.0324,112.8339,87.1322,112.8966,87.0476,0.7251
90,113.0902,87.1402,113.0950,87.3244,113.0517,87.2924,2.0894
91,113.2284,87.2472,113.2818,87.3404,113.2519,87.3386,0.8875
92,113.3663,87.3532,113.4795,87.2095,113.4450,87.3314,0.7014
93,113.5039,87.4583,113.2447,87.8440,113.4085,87.5369,7.7630
94,113.6413,87.5626,113.3792,87.7583,113.4684,87.6032,4.9514
95,113.7785,87.6659,113.8939,87.6822,113.7704,87.7225,6.5265
96,113.9154,87.7683,114.0530,87.2414,113.9601,87.6700,3.9072
97,114.0521,87.8698,114.3035,87.9964,114.2234,87.8544,0.9386
98,114.1885,87.9703,113.8099,87.8532,114.0305,87.9830,6.1546
99,114.3246,88.0699,114.2848,87.5974,114.1884,88.0320,5.8919
100,114.4605,88.1686,114.3867,87.7591,114.3515,87.9988,1.8279
101,114.5961,88.2663,114.6101,88.3281,114.5480,88.2514,2.4373
102,114.7315,88.3630,114.5004,88.5957,114.5901,88.4163,0.9608
103,114.8666,88.4588,114.5524,88.3572,114.6103,88.5115,1.6291
104,115.0014,88.5536,115.0036,88.8066,114.8975,88.6334,4.7525
105,115.1359,88.6474,115.3262,89.0932,115.1831,88.9393,5.9428
106,115.2702,88.7402,115.4123,88.9449,115.3550,89.0826,1.3748
107,115.4042,88.8320,115.4435,89.3732,115.5153,89.1016,9.2884
108,115.5379,88.9228,115.3419,88.8079,115.4675,89.0430,3.9314
109,115.6713,89.0126,116.0271,89.3775,115.8687,89.1646,5.0004
110,115.8045,89.1014,116.0173,89.3454,116.0207,89.3190,1.8797
111,115.9374,89.1892,115.6484,89.1144,115.8676,89.3075,4.6799
112,116.0699,89.2759,116.2225,88.8904,116.1202,89.1938,2.3534
113,116.2022,89.3616,116.0488,89.3769,116.1382,89.3523,2.1035
114,116.3342,89.4463,116.2890,89.5949,116.3058,89.4289,2.8679
115,116.4659,89.5299,116.7014,89.9775,116.5987,89.6738,2.7918
116,116.5973,89.6125,116.6411,89.3806,116.6741,89.6112,1.5933
117,116.7284,89.6940,116.4584,89.9799,116.6425,89.7206,5.7381
118,116.8592,89.7744,116.4802,89.4943,116.5845,89.7357,3.0231
119,116.9897,89.8537,116.8695,89.5817,116.7818,89.6982,9.9602
120,117.1198,89.9320,117.3416,89.8897,117.1615,89.8317,4.6903
121,117.2497,90.0092,117.2010,89.9635,117.2668,89.8657,3.7598
122,117.3792,90.0853,117.6415,90.2597,117.5214,90.1221,5.0630
123,117.5085,90.1603,117.4942,89.8918,117.5661,90.0213,3.1766
124,117.6374,90.2343,117.4758,90.3094,117.5884,90.1739,3.9756
125,117.7660,90.3071,117.9200,90.6750,117.8157,90.5346,5.1209
126,117.8943,90.3788,117.8188,90.3951,117.8865,90.4960,2.4346
127,118.0222,90.4493,118.0445,90.3767,118.0402,90.4439,1.0327
128,118.1499,90.5188,118.3355,90.2779,118.2630,90.4281,0.8807
129,118.2772,90.5871,118.4605,90.4609,118.4368,90.4532,0.3943
130,118.4041,90.6543,118.3797,90.2633,118.4434,90.5301,4.2713
131,118.5308,90.7204,118.7345,90.4878,118.6816,90.5349,4.5847
132,118.6570,90.7853,118.4600,91.0387,118.6465,90.6544,4.7114
133,118.7830,90.8491,118.9153,90.7606,118.8670,90.7036,1.1947
134,118.9086,90.9117,118.7018,90.7259,118.8352,90.7183,1.2926
135,119.0339,90.9732,119.3026,90.7468,119.1500,90.7421,2.8291
136,119.1588,91.0335,118.9422,90.4039,119.0853,90.6648,3.8041
137,119.2834,91.0927,119.3197,91.1471,119.2837,90.8584,1.4718
138,119.4076,91.1507,119.3976,91.4959,119.4136,91.1108,2.6448
139,119.5315,91.2075,119.4308,91.1130,119.4839,91.1202,0.4077
140,119.6550,91.2631,119.4328,91.5203,119.4934,91.3759,3.6932
141,119.7782,91.3176,119.9445,91.8859,119.8292,91.5667,5.5777
142,119.9010,91.3708,119.9960,90.5865,119.9471,91.3113,7.5661
143,120.0235,91.4229,119.7020,91.8511,119.8941,91.4374,4.9486
144,120.1455,91.4738,120.3967,91.4719,120.2135,91.5946,3.8391
145,120.2673,91.5235,120.5572,91.0785,120.4352,91.4669,4.7176
146,120.3886,91.5720,120.3180,91.8316,120.4381,91.6281,1.5712
147,120.5096,91.6193,120.5556,91.8216,120.5770,91.6494,1.5258
148,120.6302,91.6654,120.4891,91.8358,120.5843,91.7116,1.6555
149,120.7504,91.7103,120.8761,91.5167,120.8051,91.6512,1.2132
150,120.8703,91.7540,121.0835,91.5229,121.0080,91.5990,2.4492
151,120.9898,91.7964,120.8152,92.3532,120.9607,91.9751,5.7077
152,121.1089,91.8376,120.8191,91.5309,120.9059,91.9324,4.0942
153,121.2276,91.8777,121.1180,91.6557,121.0737,91.7376,6.6210
154,121.3459,91.9165,121.2985,91.9309,121.2399,91.8756,1.1101
155,121.4639,91.9540,121.3870,91.4260,121.3390,91.7847,4.7045
156,121.5814,91.9903,121.8039,92.4023,121.6717,92.0039,4.2601
157,121.6986,92.0254,121.9853,91.9443,121.8797,92.1571,4.2709
158,121.8153,92.0593,121.6994,92.3755,121.8620,92.2028,4.4341
159,121.9317,92.0919,121.9325,92.6273,121.9800,92.3443,2.3519
160,122.0477,92.1233,121.7480,92.5068,121.9038,92.4600,2.0700
161,122.1633,92.1535,122.3848,92.2567,122.2357,92.4473,7.0417
162,122.2784,92.1823,122.2080,91.8479,122.2386,92.2680,6.8078
163,122.3932,92.2100,122.2230,91.8710,122.2754,92.0261,6.2366
164,122.5076,92.2364,122.4740,92.2533,122.4389,92.1281,0.3984
165,122.6215,92.2616,122.5405,92.1895,122.5562,92.1438,0.5601
166,122.7351,92.2854,122.8944,91.8470,122.7730,92.1443,2.5132
167,122.8482,92.3081,122.1983,92.1194,122.4999,92.1782,7.3405
168,122.9609,92.3295,122.9733,92.4610,122.8310,92.3065,5.3132
169,123.0732,92.3496,122.9721,91.9334,122.9145,92.3296,5.8559
170,123.1851,92.3685,123.4172,92.3735,123.2551,92.3172,2.6016
171,123.2966,92.3861,123.1303,92.2540,123.2307,92.3719,2.1357
172,123.4076,92.4024,123.6216,92.3997,123.4849,92.4528,1.8686
173,123.5182,92.4175,123.3063,92.2433,123.4253,92.4191,1.7697
174,123.6284,92.4314,123.6243,92.3756,123.5959,92.3116,2.2407
175,123.7382,92.4439,123.5081,92.7395,123.6077,92.5215,3.0739
176,123.8475,92.4552,124.0327,91.8741,123.8619,92.4622,8.0272
177,123.9564,92.4652,123.6635,92.1339,123.7739,92.4859,5.5139
178,124.0649,92.4740,124.1494,92.1626,124.0087,92.4539,2.3149
179,124.1729,92.4815,124.1960,92.5559,124.1642,92.5125,0.2126
180,124.2805,92.4877,124.6170,92.3457,124.4820,92.4209,3.1722
181,124.3876,92.4927,124.4567,92.4457,124.5186,92.4356,0.3384
182,124.4943,92.4963,124.3503,92.4851,124.4924,92.3933,2.0603
183,124.6006,92.4988,124.7089,92.2860,124.6685,92.2542,2.4508
184,124.7064,92.4999,124.6654,92.3374,124.6866,92.3400,5.2136
185,124.8118,92.4998,124.7977,91.9888,124.8037,92.2254,3.4803
186,124.9167,92.4984,124.8827,92.6974,124.9172,92.3304,1.8999
187,125.0211,92.4957,124.9504,92.5584,125.0196,92.3423,4.7862
188,125.1251,92.4918,125.4211,91.8802,125.2463,92.3913,9.2618
189,125.2287,92.4866,125.4224,92.5312,125.3913,92.4923,0.6550
190,125.3318,92.4801,125.0527,92.2139,125.2328,92.3395,6.4088
191,125.4344,92.4724,125.8082,92.3263,125.5883,92.3406,3.8298
192,125.5366,92.4634,125.2469,92.5434,125.4307,92.4923,4.7947
193,125.6383,92.4531,125.3684,92.9667,125.4516,92.6193,1.8901
194,125.7396,92.4415,125.7867,92.1266,125.6699,92.4611,2.1212
195,125.8403,92.4287,125.9830,92.2072,125.8916,92.3001,1.8155
196,125.9406,92.4147,125.9154,92.4966,125.9335,92.4091,2.7452
197,126.0405,92.3993,126.1237,92.1698,126.0948,92.2256,1.9086
198,126.1399,92.3827,126.4670,92.1886,126.3563,92.2085,1.3073
199,126.2387,92.3649,126.1979,92.4069,126.3108,92.3187,1.8679
200,126.3372,92.3457,126.3707,92.6124,126.4062,92.3432,1.2874
201,126.4351,92.3254,126.3353,92.2793,126.4179,92.2815,0.6110
202,126.5326,92.3037,126.6393,92.6265,126.6083,92.3025,2.3386
203,126.6295,92.2808,126.4464,92.8820,126.5829,92.3830,5.1275
204,126.7260,92.2567,126.8346,92.1741,126.7415,92.3676,1.8617
205,126.8221,92.2313,126.4613,92.1628,126.6011,92.2867,5.3226
206,126.9176,92.2046,126.5976,92.2342,126.6183,92.2799,1.5545
207,127.0126,92.1767,126.9795,92.3225,126.8804,92.2782,4.0481
208,127.1072,92.1476,127.1064,91.7964,127.0451,92.0810,1.9181
209,127.2012,92.1172,127.2723,92.3854,127.2290,92.0426,4.3742
210,127.2948,92.0856,127.3957,92.1217,127.3613,92.1421,1.6323
211,127.3878,92.0527,127.6869,91.6108,127.5432,92.0354,5.3136
212,127.4804,92.0186,127.4345,91.9730,127.5417,91.9794,1.7845
213,127.5725,91.9833,127.2596,91.9641,127.4113,91.9763,2.9181
214,127.6640,91.9467,127.7026,91.6915,127.5979,91.9452,2.0330
215,127.7551,91.9089,127.9793,91.3621,127.8297,91.6506,5.6986
216,127.8457,91.8699,127.8419,91.6038,127.8755,91.6293,0.2290
217,127.9357,91.8296,127.7777,92.3353,127.8621,91.9384,5.6205
218,128.0253,91.7881,128.2076,91.0262,128.0656,91.6521,5.3654
219,128.1143,91.7454,128.2258,91.3955,128.1747,91.6176,1.4254
220,128.2029,91.7015,128.6191,92.0761,128.4720,91.7117,4.5751
221,128.2909,91.6564,128.1433,92.0169,128.3200,91.8388,5.0850
222,128.3784,91.6101,128.3664,91.6913,128.3624,91.7833,2.2450
223,128.4654,91.5626,128.4623,91.6997,128.4297,91.7283,4.5169
224,128.5519,91.5138,128.3197,91.5827,128.4065,91.5815,1.5346
225,128.6378,91.4639,128.8648,91.2510,128.6836,91.4451,2.4152
226,128.7233,91.4128,128.9486,91.3890,128.8698,91.4601,1.2812
227,128.8082,91.3604,128.7923,91.6725,128.8476,91.6139,3.6481
228,128.8926,91.3069,128.8696,91.4484,128.8773,91.5950,1.2817
229,128.9765,91.2522,129.0774,91.4005,129.0245,91.4827,0.3809
230,129.0598,91.1964,129.0957,91.5058,129.1263,91.3172,3.0913
231,129.1426,91.1393,129.4214,91.2531,129.3484,91.1584,2.3705
232,129.2249,91.0811,129.6614,91.0916,129.5473,91.1297,1.8250
233,129.3067,91.0217,129.2088,90.5678,129.4195,90.7755,7.5677
234,129.3879,90.9612,129.1681,90.8790,129.3140,90.8314,2.5276
235,129.4686,90.8995,129.2511,90.6472,129.2954,90.8005,1.3540
236,129.5488,90.8366,129.7821,91.4280,129.6441,90.8960,7.7177
237,129.6284,90.7726,129.6797,90.7227,129.6937,90.8234,0.2322
238,129.7075,90.7075,129.6895,90.2982,129.6872,90.7547,4.9804
239,129.7860,90.6412,129.8052,90.6337,129.7732,90.6792,0.8494
240,129.8641,90.5737,129.9250,90.6791,129.8691,90.7063,2.1738
241,129.9415,90.5052,130.1610,90.2650,130.0245,90.6681,4.8408
242,130.0184,90.4355,129.9890,90.4421,130.0636,90.4212,3.1249
243,130.0948,90.3647,129.9693,90.9369,130.0912,90.4366,4.7899
244,130.1707,90.2928,130.5017,89.9163,130.3748,90.1602,6.6367
245,130.2459,90.2198,130.3557,90.5125,130.4105,90.2715,1.5757
246,130.3207,90.1456,130.3880,89.7728,130.4222,89.9627,3.5660
247,130.3949,90.0704,130.0720,90.4375,130.2936,90.0176,4.5166
248,130.4685,89.9941,130.5264,89.9971,130.4717,89.9576,1.8907
249,130.5416,89.9167,130.7771,90.3168,130.6734,90.0537,2.7262
250,130.6141,89.8382,130.5795,90.3862,130.6629,90.0856,1.8727
251,130.6861,89.7586,130.7389,89.7713,130.7188,89.8971,2.4084
252,130.7575,89.6780,130.7942,89.7662,130.7923,89.6874,3.4937
253,130.8284,89.5963,130.9228,89.8948,130.9039,89.5498,7.5134
254,130.8987,89.5135,130.9586,89.2455,130.9634,89.4118,0.5977
255,130.9684,89.4297,131.3484,89.0533,131.1851,89.2720,2.3953
256,131.0376,89.3448,131.1668,89.7704,131.2158,89.3710,3.1433
257,131.1062,89.2589,130.9956,89.6930,131.1710,89.2909,4.8224
258,131.1743,89.1720,131.4333,89.0143,131.3194,89.2321,2.1606
259,131.2417,89.0840,131.3545,88.4317,131.3595,88.8783,3.3830
260,131.3087,88.9950,131.3779,89.3081,131.4147,88.8660,4.3107
261,131.3750,88.9050,131.0368,89.2329,131.2477,88.9161,3.4821
262,131.4408,88.8140,131.5904,89.2366,131.4559,89.0322,3.4559
263,131.5060,88.7220,131.4796,89.0389,131.5101,88.9463,0.3280
264,131.5706,88.6290,131.4085,88.7655,131.4684,88.8354,0.9225
265,131.6347,88.5350,131.5115,88.7932,131.5772,88.4532,13.7061
266,131.6982,88.4400,131.9986,88.0894,131.8376,88.3092,3.1512
267,131.7611,88.3440,131.7767,88.1598,131.8201,88.2564,0.9742
268,131.8235,88.2471,131.7490,88.2079,131.8285,88.0545,1.9047
269,131.8852,88.1492,131.7854,87.4668,131.8043,87.8086,2.0367
270,131.9464,88.0504,132.2611,87.5097,132.0546,87.7513,3.7697
271,132.0070,87.9506,131.9666,87.9646,132.0259,87.7670,2.3829
272,132.0671,87.8498,132.0572,87.7838,132.0735,87.7206,0.2434
273,132.1265,87.7482,132.1123,87.9016,132.1251,87.6769,1.2461
274,132.1854,87.6456,132.2755,87.3743,132.2492,87.3781,2.5476
275,132.2436,87.5421,132.2917,87.4556,132.3378,87.0862,8.0935
276,132.3013,87.4377,132.2460,87.8122,132.3559,87.1517,5.2957
277,132.3584,87.3324,132.2519,87.3007,132.2964,87.2996,5.5751
278,132.4150,87.2261,132.4990,87.3881,132.4265,87.2710,1.2063
279,132.4709,87.1190,132.8033,87.4561,132.6600,87.2095,4.7789
280,132.5262,87.0111,132.3360,87.5820,132.5179,87.2191,3.9823
281,132.5810,86.9022,132.6406,87.3504,132.6463,87.0169,4.8074
282,132.6351,86.7925,132.6478,86.6926,132.6570,86.8460,0.6380
283,132.6887,86.6819,132.9535,86.9132,132.8363,86.8068,2.1454
284,132.7417,86.5705,132.9562,86.5719,132.9371,86.5356,2.6535
285,132.7941,86.4583,132.7272,86.4780,132.8262,86.5378,2.7133
286,132.8459,86.3452,132.7103,86.6826,132.8133,86.4977,2.6389
287,132.8971,86.2313,132.8379,87.0755,132.9139,86.4623,7.5333
288,132.9477,86.1165,132.9810,85.5392,132.9564,85.9726,6.2301
289,132.9976,86.0010,132.6973,86.0259,132.8029,86.0241,5.0986
290,133.0470,85.8847,132.5980,85.9068,132.6919,86.1050,9.2980
291,133.0958,85.7675,133.0200,86.0012,132.8470,86.0435,7.8216
292,133.1440,85.6496,133.1269,85.7533,133.0016,85.8507,2.4127
293,133.1916,85.5310,133.2228,85.6576,133.1511,85.6976,0.9147
294,133.2386,85.4115,133.0268,85.2969,133.1115,85.5113,4.5066
295,133.2850,85.2913,132.9242,85.7315,133.0335,85.4736,1.6585
296,133.3308,85.1704,133.2482,85.1145,133.1540,85.3671,2.2518
297,133.3760,85.0487,133.2679,85.3906,133.2745,85.1496,3.6588
298,133.4206,84.9263,133.5476,84.8059,133.4326,85.0547,3.0423
299,133.4646,84.8032,133.6158,84.5288,133.5198,84.8512,2.2755
300,133.5079,84.6793,133.6099,84.5494,133.5870,84.6452,0.2797
301,133.5507,84.5548,133.5120,84.7574,133.5823,84.6031,0.9958
302,133.5928,84.4296,133.3882,84.4563,133.4754,84.6272,5.1836
303,133.6344,84.3036,133.7372,83.9440,133.5942,84.4207,3.4704
304,133.6753,84.1770,133.9893,83.6147,133.7825,84.1982,5.4900
305,133.7156,84.0498,133.6141,83.6593,133.6841,83.9711,2.1153
306,133.7553,83.9219,133.7221,83.8970,133.7266,83.8571,0.0587
307,133.7944,83.7933,133.6016,84.5315,133.6828,84.0626,5.1494
308,133.8329,83.6641,133.9987,83.5297,133.8063,84.0029,7.7577
309,133.8708,83.5343,134.2274,83.5008,134.0445,83.6599,6.1435
310,133.9080,83.4038,133.7861,83.5561,133.9413,83.5070,2.1949
311,133.9447,83.2727,133.8394,83.1909,133.9269,83.2233,2.6232
312,133.9807,83.1411,134.1748,82.8736,134.0886,82.9425,1.5011
313,134.0161,83.0088,133.5599,82.7524,133.8102,82.7988,4.4161
314,134.0509,82.8760,134.2124,83.3651,134.0617,82.9125,5.4742
315,134.0850,82.7426,133.9463,83.0530,134.0350,82.7929,1.2706
316,134.1186,82.6086,134.0797,82.7483,134.1141,82.5688,2.8930
317,134.1515,82.4741,134.0308,82.1906,134.0438,82.4212,2.9709
318,134.1839,82.3391,134.0346,81.9478,134.0396,82.1493,0.7737
319,134.2155,82.2035,134.3198,82.8469,134.2336,82.2333,6.9388
320,134.2466,82.0673,134.3488,81.8317,134.2955,81.9932,1.1817
321,134.2771,81.9307,134.5064,81.6414,134.4336,81.8360,4.7080
322,134.3069,81.7936,134.6658,80.7881,134.5489,81.3928,4.9034
323,134.3361,81.6560,134.2719,81.7349,134.4071,81.4897,4.3088
324,134.3647,81.5178,134.4784,81.6279,134.4704,81.4105,0.9012
325,134.3927,81.3793,134.1918,81.4735,134.3255,81.4022,2.3249
326,134.4200,81.2402,134.5041,81.3012,134.4551,81.2023,1.1026
327,134.4467,81.1007,134.6331,81.2153,134.5558,81.1330,1.4925
328,134.4728,80.9608,134.3601,81.6266,134.4954,81.1322,3.2455
329,134.4983,80.8204,134.4512,80.6229,134.4788,80.8848,2.0389
330,134.5231,80.6796,134.5794,80.6285,134.5279,80.7419,0.4654
331,134.5473,80.5384,134.7065,80.4968,134.6727,80.4814,3.9815
332,134.5709,80.3968,134.4999,79.7856,134.5408,80.2076,4.8430
333,134.5939,80.2548,134.4401,80.3815,134.4780,80.2557,2.5266
334,134.6162,80.1124,134.6400,79.9298,134.5700,80.0762,0.8231
335,134.6379,79.9697,134.7921,79.7141,134.6790,79.8792,1.3705
336,134.6590,79.8266,135.1583,79.8916,134.9732,79.8252,5.7112
337,134.6794,79.6831,134.4105,79.8172,134.7025,79.7415,8.8658
338,134.6992,79.5393,134.3664,80.3397,134.5743,79.7894,5.1349
339,134.7184,79.3952,134.8060,79.3452,134.6916,79.6250,2.3981
340,134.7370,79.2507,134.5518,79.5006,134.6317,79.4499,0.4389
341,134.7549,79.1060,134.7203,79.5901,134.7222,79.2936,2.0834
342,134.7722,78.9609,135.0518,78.4161,134.8827,78.9166,3.9318
343,134.7889,78.8156,134.6045,78.3264,134.7518,78.5115,3.7934
344,134.8049,78.6699,135.0260,78.2141,134.8477,78.5129,6.3313
345,134.8203,78.5240,134.6253,78.6493,134.7636,78.3077,4.5200
346,134.8351,78.3779,135.0044,78.1417,134.8750,78.1628,4.2361
347,134.8492,78.2315,134.7480,78.3076,134.8408,78.0469,1.1012
348,134.8627,78.0849,135.0739,78.5545,134.9967,78.0945,4.0698
349,134.8756,77.9380,134.6164,77.6206,134.8079,77.7513,3.6275
350,134.8878,77.7910,134.7872,77.3449,134.7642,77.5715,1.7035
351,134.8994,77.6437,135.3608,77.5752,135.0903,77.5381,5.0849
352,134.9104,77.4963,134.8683,77.1916,134.9659,77.2897,1.8032
353,134.9208,77.3486,135.0460,77.4450,134.9670,77.4204,6.8668
354,134.9305,77.2008,134.8686,77.0214,134.9041,77.1396,2.6455
355,134.9395,77.0529,134.8347,77.4707,134.8774,77.1783,1.6674
356,134.9480,76.9047,134.6185,76.6345,134.7815,76.6835,7.6234
357,134.9558,76.7565,135.0487,76.4799,134.9144,76.5463,1.0294
358,134.9630,76.6081,135.1156,76.7161,135.0444,76.4809,1.3090
359,134.9695,76.4596,134.9419,76.3188,134.9471,76.4338,3.8997
360,134.9754,76.3110,134.7601,76.8338,134.8649,76.4512,2.2978
361,134.9807,76.1623,135.1771,76.1107,135.0399,76.2178,1.5760
362,134.9853,76.0135,135.3132,75.9003,135.1730,76.0079,2.8815
363,134.9893,75.8647,134.5691,76.4708,134.8451,76.0966,8.2900
364,134.9927,75.7158,135.0246,75.6842,134.9330,75.7910,3.9974
365,134.9954,75.5668,134.9319,75.6536,134.9705,75.5549,2.4274
366,134.9975,75.4178,134.8397,75.1254,134.8750,75.2979,2.3725
367,134.9990,75.2687,134.6885,75.0807,134.7626,75.1232,0.5266
368,134.9998,75.1197,135.1547,74.9924,134.9572,75.0573,2.6993
369,135.0000,74.9706,134.9809,75.1290,134.9696,75.0359,1.1203
370,134.9995,74.8215,134.8631,74.9433,134.9408,74.7569,3.5686
371,134.9985,74.6725,134.8277,75.2836,134.9020,74.8794,4.3028
372,134.9968,74.5234,135.2558,73.7069,134.9887,74.5972,11.6049
373,134.9944,74.3744,135.1129,73.6961,135.0020,74.2145,5.9630
374,134.9914,74.2255,135.0967,74.5925,135.0526,74.2165,7.4933
375,134.9878,74.0766,135.1451,74.2744,135.1233,74.1158,0.6931
376,134.9836,73.9278,135.0762,73.5922,135.0837,73.8175,1.2087
377,134.9787,73.7790,134.9863,74.0226,135.0067,73.9121,3.4116
378,134.9731,73.6304,134.9930,73.3658,135.0227,73.5418,3.9692
379,134.9670,73.4818,135.4283,73.5227,135.2095,73.5341,4.3414
380,134.9602,73.3333,134.9020,73.8936,135.0718,73.5073,2.6299
381,134.9528,73.1850,134.9426,72.6960,134.9432,73.1490,8.0857
382,134.9447,73.0368,134.6770,73.2396,134.8481,72.9715,4.0573
383,134.9360,72.8888,134.7661,73.3491,134.8416,72.9485,2.6609
384,134.9267,72.7409,134.6571,73.5566,134.8161,72.9515,8.3110
385,134.9167,72.5931,134.6152,72.7044,134.6828,72.7386,3.7637
386,134.9062,72.4455,134.9721,72.3350,134.8042,72.5873,2.1890
387,134.8949,72.2982,134.8753,72.6151,134.8305,72.5100,1.0077
388,134.8831,72.1510,134.9295,71.8207,134.8705,72.1666,2.5471
389,134.8706,72.0040,134.8038,72.1234,134.8711,71.8945,3.3727
390,134.8575,71.8572,135.2404,71.7588,135.0519,71.8685,5.5863
391,134.8437,71.7107,134.9867,71.7395,135.0188,71.6960,0.2908
392,134.8293,71.5644,134.4701,71.4006,134.7323,71.4421,4.7129
393,134.8143,71.4184,134.8519,71.3702,134.8237,71.2279,1.4800
394,134.7986,71.2726,134.5623,71.2146,134.6412,71.2620,4.7135
395,134.7824,71.1271,134.8456,71.3066,134.7192,71.2762,2.0542
396,134.7654,70.9818,134.6947,71.2012,134.7010,71.1309,0.3506
397,134.7479,70.8369,134.3297,71.3938,134.5395,71.0833,6.5924
398,134.7297,70.6923,134.7792,71.2463,134.6641,71.1167,3.4011
399,134.7109,70.5479,134.5510,70.9983,134.5816,70.9822,1.4047
400,134.6915,70.4039,134.5504,70.6834,134.5411,70.8102,0.1966
401,134.6714,70.2603,134.9165,69.7007,134.7068,70.3147,7.3236
402,134.6507,70.1169,134.4737,70.5538,134.6188,70.2222,2.3345
403,134.6294,69.9740,135.2097,69.4460,134.8684,69.9357,8.2642
404,134.6075,69.8314,134.8799,69.6130,134.8582,69.7440,0.2078
405,134.5849,69.6891,134.4720,69.7090,134.6931,69.4983,3.3161
406,134.5617,69.5473,134.8948,69.7871,134.7710,69.5664,5.4213
407,134.5378,69.4058,134.3301,69.6413,134.5303,69.4740,2.6235
408,134.5134,69.2648,134.3860,69.3029,134.4166,69.3830,0.8577
409,134.4883,69.1242,134.0424,69.0378,134.2128,69.0705,3.0023
410,134.4626,68.9840,134.4777,68.9860,134.3022,69.0336,2.7968
411,134.4362,68.8442,134.5050,68.4145,134.3456,68.8221,2.5515
412,134.4093,68.7049,134.3802,69.0374,134.3151,68.8613,7.4877
413,134.3817,68.5660,134.3357,68.6317,134.3335,68.6180,0.7918
414,134.3535,68.4276,134.5758,68.3606,134.3939,68.5731,3.3567
415,134.3247,68.2897,134.5321,68.8705,134.4866,68.5902,2.6115
416,134.2952,68.1523,134.4097,68.6337,134.4648,68.4596,0.5917
417,134.2651,68.0153,134.2703,68.3458,134.3598,68.2863,0.7085
418,134.2344,67.8789,134.0457,67.6897,134.2070,67.8389,5.1849
419,134.2031,67.7430,134.0683,68.1535,134.1249,67.8148,4.5655
420,134.1712,67.6076,134.3370,67.6859,134.2191,67.7068,0.8543
421,134.1386,67.4728,134.0705,67.2696,134.0694,67.5793,2.6256
422,134.1054,67.3385,134.0104,67.4546,134.0486,67.3617,0.8270
423,134.0716,67.2047,134.4859,66.8546,134.2658,67.0596,3.7696
424,134.0372,67.0715,133.9711,66.7213,134.0862,66.8497,1.4043
425,134.0022,66.9389,134.1193,66.7490,134.0597,66.7605,1.9145
426,133.9665,66.8069,134.2394,66.3952,134.1090,66.5682,2.1010
427,133.9303,66.6755,133.8405,66.5305,133.9767,66.3867,1.0245
428,133.8934,66.5447,133.7282,66.1678,133.7630,66.3885,5.9332
429,133.8559,66.4145,133.7383,66.5532,133.7492,66.3137,0.9132
430,133.8178,66.2849,133.8935,66.1888,133.8133,66.1439,1.1108
431,133.7791,66.1559,133.8362,65.8665,133.7408,66.1107,3.3169
432,133.7397,66.0276,133.6532,66.3298,133.6495,66.1684,2.6785
433,133.6998,65.8999,133.3860,66.1932,133.5423,65.9632,2.4865
434,133.6592,65.7729,133.8018,64.9988,133.6283,65.5401,4.8687
435,133.6181,65.6466,133.7911,65.3367,133.6681,65.4379,0.9834
436,133.5763,65.5210,133.4807,65.1413,133.5182,65.2818,1.0476
437,133.5339,65.3960,133.8657,65.5397,133.6291,65.5030,9.2935
438,133.4909,65.2717,133.6861,64.6479,133.6368,65.0774,3.9362
439,133.4473,65.1482,133.4445,64.7581,133.4671,64.9142,4.7491
440,133.4031,65.0253,133.2388,65.8105,133.3811,65.0718,6.9154
441,133.3583,64.9032,133.1405,64.6767,133.2666,64.7033,3.7923
442,133.3128,64.7818,133.5569,64.4478,133.3461,64.6273,3.4014
443,133.2668,64.6612,133.0786,64.8941,133.1923,64.6723,2.9926
444,133.2202,64.5413,133.1101,64.5934,133.1296,64.5783,0.7091
445,133.1729,64.4221,133.3342,64.0332,133.1593,64.4535,5.0055
446,133.1251,64.3038,133.1081,64.4242,133.1621,64.2799,2.7175
447,133.0767,64.1862,133.2404,64.4545,133.1398,64.4064,3.6531
448,133.0276,64.0694,132.8492,64.2368,132.9651,64.2445,0.8263
449,132.9780,63.9533,132.8877,63.7466,132.9213,63.8987,2.2935
450,132.9278,63.8381,132.9067,64.6634,132.9640,63.9976,5.6501
451,132.8769,63.7237,132.8646,63.0804,132.8763,63.5866,5.9377
452,132.8255,63.6101,132.7387,63.3172,132.7166,63.5525,3.2779
453,132.7735,63.4974,132.7426,64.1433,132.7396,63.6452,3.8449
454,132.7209,63.3854,132.4601,63.1047,132.5627,63.3888,5.3035
455,132.6677,63.2744,132.5758,63.4178,132.5559,63.3168,0.4131
456,132.6139,63.1641,132.9329,62.9815,132.6792,63.2364,3.3509
457,132.5595,63.0547,132.5180,62.9276,132.5658,63.0234,0.7180
458,132.5045,62.9462,132.6789,63.1380,132.5989,63.0110,0.9438
459,132.4489,62.8386,132.3305,62.6427,132.4087,62.8430,1.5663
460,132.3927,62.7319,132.5329,62.6001,132.4838,62.6384,3.1723
461,132.3360,62.6260,132.1330,62.7025,132.3318,62.4517,2.8342
462,132.2786,62.5210,132.6716,62.3978,132.4422,62.4524,3.8156
463,132.2207,62.4170,131.8897,62.2944,132.0995,62.3402,3.5875
464,132.1622,62.3138,132.2878,62.5244,132.2034,62.2715,2.5119
465,132.1031,62.2116,131.7085,62.5819,131.9431,62.2506,3.0822
466,132.0434,62.1103,132.2840,61.9521,132.1443,61.9411,5.9464
467,131.9832,62.0100,131.9969,61.8747,132.0185,61.9348,3.2619
468,131.9224,61.9105,131.9522,61.4700,131.9034,61.7362,3.5040
469,131.8609,61.8121,131.8709,61.9873,131.8554,61.8400,4.4835
470,131.7989,61.7146,131.8308,62.2626,131.7995,61.9914,2.8444
471,131.7364,61.6180,131.8688,61.5922,131.7823,61.8289,0.7785
472,131.6732,61.5224,131.5854,61.3747,131.6441,61.5746,1.2537
473,131.6095,61.4278,131.5337,61.4174,131.5582,61.4517,0.2506
474,131.5452,61.3342,131.3549,61.4078,131.3889,61.4050,1.6501
475,131.4804,61.2416,131.4853,61.1988,131.4354,61.1751,2.5647
476,131.4149,61.1500,131.3705,61.5353,131.3720,61.3058,3.1868
477,131.3489,61.0594,131.4276,60.1557,131.2987,60.8641,8.5220
478,131.2823,60.9698,131.4041,61.4040,131.3213,61.0767,4.6314
479,131.2152,60.8812,131.1283,60.7910,131.1970,60.9009,1.4555
480,131.1475,60.7936,131.1162,60.4352,131.0436,60.8385,5.0622
481,131.0792,60.7071,131.4808,61.3599,131.2957,60.9619,7.4679
482,131.0104,60.6216,131.2070,60.9675,131.1671,61.0023,3.1857
483,130.9410,60.5371,130.4101,60.5757,130.7941,60.5897,11.5859
484,130.8710,60.4537,130.7741,60.4339,130.7540,60.4281,1.3390
485,130.8005,60.3714,130.7593,60.4725,130.7528,60.3341,0.6470
486,130.7294,60.2901,130.7477,60.3798,130.7443,60.2374,0.6596
487,130.6578,60.2099,131.1175,60.2935,130.8816,60.2941,3.3145
488,130.5856,60.1307,130.8219,59.6173,130.7676,60.0772,3.0280
489,130.5128,60.0527,130.1487,59.6610,130.2825,60.0357,13.7531
490,130.4395,59.9757,130.4699,59.7924,130.3278,59.9033,1.3300
491,130.3657,59.8998,130.3988,60.0766,130.3429,59.9037,0.7940
492,130.2913,59.8250,129.7137,60.4910,130.0276,59.9812,5.8354
493,130.2163,59.7513,130.1972,59.9978,130.1051,59.8921,1.4993
494,130.1408,59.6787,130.3233,59.9491,130.1687,59.8974,1.9726
495,130.0648,59.6072,130.2520,59.1559,130.1614,59.6074,4.3860
496,129.9882,59.5369,130.0400,59.6008,130.0624,59.5209,1.9073
497,129.9110,59.4676,129.8803,59.1202,129.8916,59.3554,1.5282
498,129.8333,59.3995,130.0177,59.4272,129.9041,59.3424,3.1097
499,129.7551,59.3325,129.6931,59.4548,129.7950,59.2893,1.4268
500,129.6764,59.2667,129.6683,59.2444,129.6783,59.2782,1.2898
501,129.5971,59.2020,129.3259,58.9976,129.4284,59.1802,2.8212
502,129.5172,59.1385,129.5722,59.6425,129.4622,59.3675,3.2885
503,129.4368,59.0760,129.3064,58.8300,129.3652,59.0563,2.9727
504,129.3559,59.0148,129.1665,59.0652,129.3092,58.8760,5.4339
505,129.2745,58.9547,128.9236,59.1818,129.1119,58.8485,2.4254
506,129.1925,58.8958,128.9728,57.8339,128.9133,58.5160,6.2968
507,129.1100,58.8380,128.9123,59.0129,128.9275,58.5799,2.9254
508,129.0270,58.7815,129.3551,58.1937,129.0476,58.4585,7.9406
509,128.9434,58.7261,128.7242,59.1871,128.9056,58.6144,5.2292
510,128.8594,58.6718,128.9057,58.5024,128.8507,58.5851,1.0022
511,128.7748,58.6188,128.6659,58.5184,128.6656,58.6015,1.4798
512,128.6896,58.5669,128.4398,58.6422,128.5294,58.5281,0.5020
513,128.6040,58.5163,128.5850,58.6504,128.5203,58.5913,3.1152
514,128.5178,58.4668,128.4481,58.3571,128.4077,58.5092,0.6679
515,128.4311,58.4186,128.4408,58.5843,128.4167,58.4395,1.2083
516,128.3439,58.3715,128.6226,58.6123,128.4822,58.5535,4.3638
517,128.2562,58.3256,128.4055,58.3282,128.3866,58.4032,5.3794
518,128.1680,58.2810,128.1821,58.4343,128.2350,58.4025,0.3615
519,128.0793,58.2376,128.0159,58.5621,128.0714,58.4353,1.1314
520,127.9900,58.1954,127.7642,58.8760,127.8988,58.5699,3.3134
521,127.9003,58.1544,127.9454,58.0320,127.9022,58.3138,4.1302
522,127.8100,58.1146,127.7259,58.0189,127.7154,58.2296,2.0415
523,127.7193,58.0760,127.6913,58.0684,127.7206,58.0158,3.1098
524,127.6280,58.0387,128.0116,58.0455,127.8334,58.0433,2.5769
525,127.5362,58.0026,127.8667,57.8333,127.7964,57.9745,0.4836
526,127.4440,57.9678,127.4812,57.7497,127.4845,58.0380,6.8393
527,127.3512,57.9342,127.3344,57.9851,127.3358,58.0442,0.4987
528,127.2579,57.9018,127.1475,57.9032,127.2434,57.8700,1.9907
529,127.1642,57.8706,127.4337,58.0043,127.2946,57.9905,6.3597
530,127.0699,57.8408,127.1673,58.4643,127.2238,58.0666,4.3577
531,126.9752,57.8121,127.2486,57.6915,127.1327,58.0069,1.9884
532,126.8800,57.7847,126.8548,57.9433,126.9426,57.9295,1.6425
533,126.7842,57.7585,126.7556,58.0988,126.8096,57.9574,0.4021
534,126.6880,57.7336,126.5353,58.2919,126.6062,58.1124,1.7164
535,126.5913,57.7100,126.6193,57.6783,126.5682,57.9045,1.7406
536,126.4942,57.6876,126.4573,58.0569,126.4234,58.0416,1.8050
537,126.3965,57.6664,126.7339,57.1702,126.5368,57.6880,6.9480
538,126.2984,57.6466,126.3306,57.9079,126.3749,57.8000,1.4685
539,126.1998,57.6279,126.1349,57.2978,126.2017,57.5469,2.5223
540,126.1007,57.6106,126.1325,57.0944,126.0596,57.4291,1.8636
541,126.0012,57.5945,126.0525,58.2095,126.0948,57.6198,6.0438
542,125.9011,57.5796,125.7464,57.4994,125.8588,57.5344,1.3164
543,125.8006,57.5661,126.1792,57.1000,125.9003,57.4867,4.5497
544,125.6997,57.5538,125.3625,57.0661,125.5499,57.2899,3.7740
545,125.5982,57.5427,125.8288,57.1812,125.6134,57.2991,2.1363
546,125.4964,57.5329,125.3876,57.3519,125.3405,57.5148,9.3007
547,125.3940,57.5244,125.5800,57.4985,125.3613,57.6270,3.5328
548,125.2912,57.5172,125.3718,57.9827,125.4218,57.5953,5.5743
549,125.1879,57.5112,125.3596,57.5422,125.3263,57.5963,0.1399
550,125.0842,57.5065,124.9447,58.1033,125.1649,57.6278,5.2750
551,124.9800,57.5031,124.7856,57.1354,124.8894,57.4226,3.2528
552,124.8753,57.5009,125.0802,57.4004,124.9006,57.5031,2.3544
553,124.7702,57.5000,124.9425,57.6305,124.8910,57.5305,0.5029
554,124.6647,57.5004,124.3719,57.2902,124.5908,57.3419,3.9618
555,124.5587,57.5020,124.4550,57.3647,124.4915,57.3058,0.3500
556,124.4523,57.5050,124.1032,57.4799,124.2200,57.3603,2.0196
557,124.3454,57.5091,124.3652,57.0702,124.1471,57.4140,5.0894
558,124.2381,57.5146,124.3041,57.1035,124.0758,57.4814,6.4692
559,124.1303,57.5213,124.3217,57.3382,124.1580,57.4382,1.9800
560,124.0221,57.5293,123.5527,57.7805,123.8414,57.4477,4.9764
561,123.9135,57.5386,123.9184,58.2513,123.8908,57.7040,5.2575
562,123.8044,57.5491,123.9905,57.2430,123.8221,57.6166,3.5497
563,123.6949,57.5609,123.7872,57.2831,123.6924,57.6137,3.8016
564,123.5850,57.5739,123.9778,57.8953,123.7838,57.8065,4.1132
565,123.4746,57.5883,123.1909,57.8440,123.4614,57.7242,4.4060
566,123.3639,57.6039,123.5977,57.8987,123.4343,57.8989,2.4775
567,123.2527,57.6207,123.1112,57.5925,123.2194,57.7610,1.6678
568,123.1410,57.6388,123.0504,57.8349,123.0761,57.8329,1.7484
569,123.0290,57.6582,123.1236,57.5604,123.0923,57.6510,3.0394
570,122.9165,57.6788,122.5530,57.4013,122.7726,57.5198,4.0749
571,122.8036,57.7007,122.6274,57.6293,122.6374,57.5657,0.1579
572,122.6903,57.7238,122.5388,57.3380,122.4793,57.5118,3.7456
573,122.5766,57.7482,122.7882,57.6618,122.5887,57.6151,3.0635
574,122.4625,57.7739,122.1320,58.2366,122.3137,57.8266,3.9176
575,122.3480,57.8008,122.5446,57.9223,122.4226,57.8309,2.6122
576,122.2331,57.8289,122.1306,58.4425,122.1913,58.0751,12.1597
577,122.1177,57.8583,122.4147,57.6552,122.1945,57.9993,4.6708
578,122.0020,57.8889,121.9836,57.8215,122.0184,57.9329,1.3571
579,121.8859,57.9208,121.8702,58.3382,121.9416,58.0473,1.9823
580,121.7693,57.9539,121.9603,57.6876,121.8485,57.9622,3.8491
581,121.6524,57.9883,121.6841,58.2096,121.6830,58.1356,1.2124
582,121.5351,58.0238,121.5644,58.2642,121.5568,58.2129,0.5578
583,121.4174,58.0607,121.3182,57.5283,121.3468,57.9807,3.7710
584,121.2993,58.0987,121.2328,58.3486,121.2583,58.1104,0.8590
585,121.1808,58.1380,121.0765,58.3839,121.1319,58.1885,1.0181
586,121.0619,58.1785,120.7924,58.0519,120.8344,58.2605,3.9362
587,120.9427,58.2202,120.9808,58.1085,120.8835,58.1561,3.2890
588,120.8231,58.2631,120.8367,58.1468,120.8637,58.0663,2.7120
589,120.7030,58.3073,120.9277,58.3004,120.7927,58.2981,3.8673
590,120.5827,58.3526,120.9086,57.9323,120.7582,58.2770,4.8146
591,120.4619,58.3992,120.1575,58.7998,120.3624,58.5530,5.5514
592,120.3408,58.4470,120.1450,58.4437,120.1464,58.5996,1.0142
593,120.2193,58.4959,120.2938,58.1527,120.1393,58.4521,4.6557
594,120.0974,58.5461,120.2198,58.3576,120.1390,58.4426,1.8926
595,119.9752,58.5975,119.9108,58.3187,119.9679,58.4147,1.1672
596,119.8526,58.6500,119.7820,58.8235,119.8511,58.5698,1.9384
597,119.7297,58.7038,119.8096,59.3121,119.7630,58.9488,4.3161
598,119.6063,58.7587,119.3368,58.7360,119.4969,58.8820,4.7945
599,119.4827,58.8148,119.4561,58.5268,119.4246,58.7650,2.2532
600,119.3587,58.8721,119.3237,58.8455,119.2915,58.8770,0.8224
601,119.2343,58.9305,119.5464,59.2894,119.3345,59.1369,5.2431
602,119.1096,58.9901,119.3499,58.6669,119.3039,58.9294,3.9297
603,118.9845,59.0509,118.8796,58.6176,119.0219,58.8196,2.4690
604,118.8591,59.1128,118.6446,59.5013,118.8029,59.0682,3.1877
605,118.7334,59.1759,118.7658,59.4977,118.7163,59.2846,2.2511
606,118.6073,59.2401,118.4083,58.9391,118.4555,59.2242,1.9448
607,118.4808,59.3055,118.3618,59.6774,118.4144,59.3414,3.0572
608,118.3541,59.3720,118.2827,59.4155,118.3016,59.3848,0.2066
609,118.2270,59.4397,117.9969,59.8556,118.0899,59.6127,1.5709
610,118.0996,59.5085,118.3915,59.9164,118.1628,59.8261,4.8145
611,117.9718,59.5784,117.8593,59.5237,117.9336,59.7456,1.5174
612,117.8437,59.6494,117.8092,59.6993,117.8157,59.7843,2.5708
613,117.7153,59.7215,117.8822,59.2793,117.7811,59.6182,2.9838
614,117.5866,59.7948,117.5481,59.5546,117.5719,59.6579,0.5898
615,117.4575,59.8691,117.1959,60.1624,117.3303,59.8707,1.8311
616,117.3282,59.9446,117.4328,60.2376,117.3116,60.0914,1.8503
617,117.1985,60.0211,117.4703,59.5443,117.3140,59.9108,6.5613
618,117.0685,60.0987,117.1532,59.6629,117.1692,59.8537,1.2584
619,116.9382,60.1774,117.0998,60.2045,116.9930,60.1706,5.6939
620,116.8076,60.2572,116.3498,60.2602,116.5781,60.2232,5.1248
621,116.6767,60.3381,116.6352,60.3361,116.5118,60.3741,1.0798
622,116.5455,60.4200,116.5460,60.4302,116.5344,60.3688,4.8039
623,116.4140,60.5029,116.5660,60.4472,116.4070,60.5822,4.4196
624,116.2822,60.5870,116.2368,60.3727,116.2583,60.5261,0.8757
625,116.1501,60.6720,116.0902,61.0136,116.1055,60.7804,1.3522
626,116.0177,60.7582,115.8299,59.9710,115.9053,60.4340,8.4593
627,115.8850,60.8453,115.8855,60.3263,115.8292,60.4496,1.3664
628,115.7520,60.9335,115.8607,60.9633,115.7922,60.7060,1.8215
629,115.6187,61.0227,115.6418,61.0715,115.7210,60.8308,4.9894
630,115.4852,61.1129,115.2607,61.4077,115.3553,61.1799,9.0824
631,115.3514,61.2041,115.4246,61.2578,115.3315,61.2516,2.0703
632,115.2173,61.2963,115.2255,61.7670,115.3120,61.3750,5.9857
633,115.0829,61.3895,115.1713,61.5254,115.2084,61.4562,0.7952
634,114.9482,61.4837,115.1132,61.8376,115.0746,61.7131,1.3685
635,114.8133,61.5789,114.8125,61.4281,114.8890,61.6381,3.2412
636,114.6781,61.6750,114.8909,62.4157,114.8622,61.9855,3.7355
637,114.5426,61.7721,114.4211,62.6552,114.5545,62.3507,3.7045
638,114.4069,61.8702,114.6807,62.2268,114.5667,62.3532,2.5672
639,114.2709,61.9692,114.1916,61.2396,114.2282,62.0462,12.7212
640,114.1347,62.0692,114.2047,61.9048,114.1099,62.1216,2.0041
641,113.9982,62.1701,114.1637,61.9149,114.0372,62.1666,2.3740
642,113.8614,62.2720,113.7254,62.7161,113.8614,62.3789,2.5701
643,113.7244,62.3748,113.2569,62.3185,113.5279,62.2965,6.1770
644,113.5872,62.4784,113.8407,62.4524,113.6055,62.4425,7.3774
645,113.4497,62.5830,113.6277,62.4375,113.5240,62.5374,1.4577
646,113.3119,62.6885,113.5364,63.0060,113.4898,62.7848,1.5798
647,113.1739,62.7949,112.9226,62.6239,113.1302,62.7472,3.1830
648,113.0357,62.9022,112.6274,63.2853,112.8525,62.9464,4.0081
649,112.8972,63.0103,112.6438,62.9081,112.6859,62.9629,0.5682
650,112.7585,63.1194,112.5162,63.1037,112.4941,63.1499,3.1535
651,112.6196,63.2292,112.3586,63.5949,112.3880,63.3758,3.9301
652,112.4804,63.3400,112.2429,63.7890,112.2696,63.5681,1.9434
653,112.3411,63.4516,112.3511,63.2251,112.2406,63.4936,2.4133
654,112.2015,63.5640,112.2956,63.0941,112.1646,63.4407,2.6295
655,112.0616,63.6772,112.2468,63.5813,112.1125,63.6017,3.1152
656,111.9216,63.7913,111.9275,63.5407,111.9802,63.5788,1.9415
657,111.7813,63.9062,111.8070,63.6642,111.8172,63.6851,0.0675
658,111.6408,64.0219,111.5875,63.7223,111.6258,63.7430,2.6929
659,111.5001,64.1384,111.6333,64.2576,111.5252,64.0932,3.5024
660,111.3592,64.2556,111.4956,64.7893,111.4879,64.4075,2.9192
661,111.2181,64.3737,111.0445,64.4166,111.2011,64.4679,4.5012
662,111.0768,64.4925,111.3367,64.3397,111.1464,64.5796,3.6471
663,110.9353,64.6121,111.1020,64.6773,111.0183,64.7499,1.8115
664,110.7936,64.7325,110.7307,64.4700,110.7462,64.7688,2.7101
665,110.6517,64.8535,110.4305,64.6956,110.5325,64.7755,2.5853
666,110.5096,64.9754,110.3518,65.1268,110.4448,64.8867,4.3314
667,110.3673,65.0979,110.5256,65.1975,110.3996,65.1291,1.6834
668,110.2249,65.2212,110.1258,65.7030,110.2275,65.4053,4.2260
669,110.0822,65.3452,110.1430,65.3295,110.1633,65.3863,2.9187
670,109.9394,65.4699,110.1333,65.4578,110.0821,65.4933,0.2900
671,109.7963,65.5952,109.5445,65.9479,109.7598,65.7057,2.8664
672,109.6531,65.7213,109.7518,66.0507,109.6827,65.9483,0.6894
673,109.5098,65.8480,109.6650,65.5179,109.5856,65.8668,2.8962
674,109.3662,65.9754,109.6099,65.7585,109.5641,65.8466,2.5740
675,109.2225,66.1034,109.0907,65.8917,109.2318,65.9233,6.7170
676,109.0786,66.2321,109.0236,66.3483,109.0361,66.1958,1.6289
677,108.9345,66.3615,109.1207,66.1929,108.9355,66.3855,5.6389
678,108.7903,66.4914,108.5833,66.8495,108.7604,66.5467,6.6261
679,108.6460,66.6220,108.7206,66.8406,108.6556,66.7774,0.8861
680,108.5014,66.7532,108.9673,66.8838,108.7652,66.9054,3.4376
681,108.3567,66.8850,108.5391,66.9090,108.6011,66.9385,5.6060
682,108.2119,67.0173,108.2695,66.4022,108.3335,66.8020,4.4744
683,108.0669,67.1503,107.8539,67.1152,108.0699,66.9035,4.6495
684,107.9218,67.2838,107.8133,66.9492,107.8538,66.9935,1.6404
685,107.7765,67.4179,107.8439,67.4232,107.7696,67.2676,1.6720
686,107.6311,67.5525,107.3132,67.2527,107.4340,67.3625,5.0699
687,107.4856,67.6876,107.5217,67.2879,107.4207,67.3830,4.3333
688,107.3399,67.8233,107.2696,67.8161,107.2719,67.6460,1.0268
689,107.1940,67.9596,107.4585,67.9101,107.2995,67.8618,2.0589
690,107.0481,68.0963,106.9491,68.1910,107.0916,68.0077,2.3259
691,106.9020,68.2335,106.9336,68.2664,106.9177,68.2273,1.0957
692,106.7558,68.3712,106.6631,68.4178,106.7154,68.3881,0.8127
693,106.6095,68.5094,106.7061,68.4417,106.6686,68.4662,2.5662
694,106.4630,68.6481,106.5287,68.4933,106.5154,68.5745,0.1480
695,106.3165,68.7873,106.4146,69.1983,106.4238,68.8957,2.8818
696,106.1698,68.9268,106.0841,69.1174,106.1799,69.0697,2.5382
697,106.0230,69.0669,105.8450,69.0508,105.9338,69.1350,0.7698
698,105.8761,69.2073,105.7999,69.2135,105.8166,69.2218,1.8834
699,105.7291,69.3482,105.9464,69.2771,105.8553,69.2881,2.8802
700,105.5820,69.4895,105.2719,69.9154,105.4410,69.6738,6.7441
701,105.4348,69.6312,105.4355,69.6241,105.4148,69.6803,5.0047
702,105.2874,69.7732,105.3103,70.0270,105.3256,69.8691,1.2719
703,105.1400,69.9157,105.1571,69.9024,105.2134,69.8950,7.0820
704,104.9925,70.0585,104.7158,70.5067,104.9101,70.1888,3.4830
705,104.8449,70.2017,104.6094,70.4894,104.6778,70.4033,0.5645
706,104.6973,70.3452,104.4426,70.3874,104.4648,70.4976,2.4180
707,104.5495,70.4891,104.7122,70.9548,104.5494,70.7738,4.2070
708,104.4016,70.6333,104.5063,70.9790,104.4924,70.9106,1.4723
709,104.2537,70.7778,104.0001,71.1136,104.1893,71.0310,10.7621
710,104.1057,70.9226,103.8973,70.9324,104.0306,70.9729,6.9397
711,103.9576,71.0677,104.0005,71.2176,103.9755,71.1287,2.3801
712,103.8095,71.2131,103.9695,70.9460,103.8842,71.1677,1.3824
713,103.6613,71.3588,103.3752,71.1607,103.5366,71.2392,1.9047
714,103.5130,71.5048,103.3687,71.2121,103.3798,71.2982,0.3902
715,103.3646,71.6510,103.5142,71.5655,103.3438,71.5603,3.1492
716,103.2162,71.7974,103.2489,72.0814,103.2392,71.8554,1.7651
717,103.0678,71.9441,103.1578,72.1249,103.0999,72.1039,1.6651
718,102.9192,72.0909,102.7178,71.8197,102.8089,72.0794,5.4139
719,102.7706,72.2380,102.6956,72.0129,102.6805,72.1298,0.9700
720,102.6220,72.3853,102.7357,71.7505,102.6280,72.0667,7.3778
721,102.4733,72.5328,102.5629,71.7723,102.4597,72.1045,6.1902
722,102.3246,72.6805,102.0049,73.0158,102.1596,72.5501,6.2019
723,102.1759,72.8283,102.6271,72.2327,102.3089,72.5620,14.1826
724,102.0271,72.9763,101.8624,72.7192,101.9233,72.8082,7.7271
725,101.8782,73.1245,102.0069,73.0681,101.8965,73.0170,1.0031
726,101.7293,73.2728,101.5036,73.2988,101.5842,73.2590,3.3608
727,101.5804,73.4212,101.5818,73.4343,101.4747,73.4815,2.0378
728,101.4315,73.5697,101.4816,73.1111,101.3695,73.4680,4.8594
729,101.2826,73.7183,101.3743,73.5060,101.2746,73.6164,2.1066
730,101.1336,73.8670,101.0589,73.8303,101.0625,73.8309,0.9622
731,100.9846,74.0158,101.0139,74.0278,100.9613,74.0170,0.2487
732,100.8355,74.1647,100.7174,74.5528,100.7853,74.3089,3.6682
733,100.6865,74.3136,100.6451,73.8981,100.6023,74.2748,4.7313
734,100.5375,74.4626,100.6593,74.5427,100.5456,74.5095,3.3898
735,100.3884,74.6116,100.3811,74.7309,100.4215,74.6526,1.6098
736,100.2393,74.7607,99.9697,75.2327,100.1655,74.9029,9.5384
737,100.0903,74.9097,100.1287,74.4817,100.1062,74.7705,4.7272
738,99.9412,75.0588,100.1921,75.0619,100.0374,75.0643,6.3084
739,99.7921,75.2079,99.6018,75.4522,99.7753,75.2599,3.5788
740,99.6431,75.3569,99.5689,75.3792,99.5965,75.3910,2.3744
741,99.4940,75.5059,99.4778,75.7768,99.4976,75.6064,1.7983
742,99.3450,75.6549,99.4323,75.5245,99.3398,75.7299,7.1043
743,99.1959,75.8039,98.8927,75.6390,98.9827,75.8351,4.3201
744,99.0469,75.9528,99.1368,76.0247,99.0366,75.9633,3.8555
745,98.8979,76.1016,98.7816,76.1552,98.8186,76.1549,1.8933
746,98.7489,76.2503,98.7326,75.8501,98.6901,76.1193,3.2120
747,98.5999,76.3989,98.2691,76.1803,98.3472,76.2904,6.3256
748,98.4510,76.5475,98.5896,76.6114,98.4055,76.5288,2.6763
749,98.3021,76.6959,98.3388,76.6235,98.3301,76.6188,1.5749
750,98.1532,76.8442,98.3557,76.1238,98.2366,76.5412,5.0287
751,98.0044,76.9924,97.8893,77.1899,98.0283,76.8331,5.7114
752,97.8555,77.1404,98.1144,77.0768,98.0181,77.0257,1.7632
753,97.7068,77.2883,97.9035,76.7931,97.8727,77.0267,2.3177
754,97.5580,77.4360,97.7603,76.8336,97.7527,77.0015,4.8799
755,97.4094,77.5835,97.6921,77.6008,97.6620,77.3440,2.2990
756,97.2607,77.7309,97.1993,77.2573,97.3153,77.4136,3.2272
757,97.1121,77.8780,97.2980,78.1189,97.2083,77.8386,8.1501
758,96.9636,78.0250,97.0976,77.9335,97.0976,77.9492,0.4680
759,96.8151,78.1717,96.8739,78.2453,96.8904,78.1859,1.3213
760,96.6667,78.3182,96.7887,78.4600,96.7650,78.4041,0.1942
761,96.5183,78.4644,96.5185,78.3517,96.6174,78.3967,5.9162
762,96.3700,78.6104,96.4021,79.0452,96.4113,78.7957,3.1500
763,96.2218,78.7561,95.9528,78.6154,96.1241,78.7587,4.7056
764,96.0736,78.9016,96.1250,78.9923,96.0353,78.9702,1.9958
765,95.9255,79.0468,95.9189,79.1691,95.9156,79.1286,0.4591
766,95.7775,79.1916,95.4569,78.7854,95.5877,79.0716,3.2729
767,95.6296,79.3362,95.9377,79.2753,95.6782,79.3043,6.0611
768,95.4817,79.4805,95.6759,79.4412,95.5678,79.5254,6.1481
769,95.3339,79.6244,95.2900,79.8412,95.3555,79.7486,0.7662
770,95.1862,79.7680,95.3619,80.3617,95.2939,80.1017,2.9120
771,95.0386,79.9113,95.1476,79.7119,95.1301,80.0567,3.0641
772,94.8911,80.0542,95.0624,79.7488,94.9709,80.0701,8.0214
773,94.7437,80.1967,94.9534,80.0881,94.8685,80.2067,1.8901
774,94.5963,80.3389,94.7004,80.5046,94.7101,80.4362,1.1813
775,94.4491,80.4806,94.2684,80.1127,94.3890,80.4081,5.2775
776,94.3020,80.6220,94.4502,80.5468,94.3219,80.5915,2.7903
777,94.1549,80.7630,94.4142,80.8105,94.3254,80.7366,3.5547
778,94.0080,80.9035,94.0503,80.6526,94.1208,80.7626,1.1854
779,93.8612,81.0436,93.9527,80.5698,93.9685,80.7630,2.0283
780,93.7145,81.1833,93.6282,81.0474,93.7219,80.9477,0.9203
781,93.5679,81.3225,93.8806,81.3295,93.7016,81.2520,5.7805
782,93.4214,81.4613,93.4600,81.4475,93.5066,81.4124,0.2139
783,93.2751,81.5996,93.1120,81.3588,93.1770,81.5249,4.9376
784,93.1288,81.7374,93.1697,81.8095,93.1370,81.6944,2.5282
785,92.9827,81.8748,93.1245,81.9217,93.1028,81.8181,4.7548
786,92.8368,82.0116,92.8410,82.3155,92.8877,82.1198,1.3026
787,92.6909,82.1479,92.6037,82.0199,92.6844,82.1317,1.9785
788,92.5452,82.2837,92.3466,82.0687,92.3932,82.1857,10.8042
789,92.3996,82.4190,92.1895,82.0341,92.2074,82.2051,0.8092
790,92.2542,82.5538,92.1686,82.6406,92.1026,82.4803,1.6292
791,92.1089,82.6880,92.2208,82.3100,92.1011,82.4662,3.7545
792,91.9637,82.8216,92.1642,82.7513,92.0596,82.6782,1.1425
793,91.8187,82.9547,91.7281,83.0027,91.7766,82.9207,4.3218
794,91.6738,83.0872,91.5546,82.5989,91.5820,82.8618,1.6835
795,91.5291,83.2191,91.6521,83.6033,91.5498,83.2696,3.5397
796,91.3845,83.3504,91.4842,83.3132,91.4060,83.4245,4.5019
797,91.2401,83.4811,91.2930,83.7584,91.2612,83.6963,3.5288
798,91.0959,83.6112,91.2688,84.3968,91.2270,84.0437,5.8379
799,90.9518,83.7406,91.2146,83.6434,91.1806,83.9261,4.6855
800,90.8079,83.8694,90.8954,83.7281,90.9539,83.9481,2.6040
801,90.6641,83.9976,90.8325,83.6960,90.8060,83.9284,2.0806
802,90.5205,84.1252,90.2789,84.4097,90.4724,84.1943,4.0840
803,90.3771,84.2520,90.4673,84.3721,90.4091,84.3922,8.3552
804,90.2339,84.3782,90.3333,83.9785,90.2766,84.3050,4.2626
805,90.0908,84.5037,89.8783,84.1588,89.9818,84.3379,2.6838
806,89.9479,84.6286,90.2648,84.4633,90.0726,84.4684,2.4736
807,89.8052,84.7527,89.7006,85.2378,89.8129,84.8472,5.4130
808,89.6627,84.8761,89.6401,84.9694,89.6049,85.0277,5.7899
809,89.5204,84.9988,89.7417,84.8917,89.6401,85.0314,3.3065
810,89.3783,85.1208,89.4895,85.4159,89.4427,85.3506,10.6783
811,89.2363,85.2420,89.0437,85.3620,89.1543,85.4370,0.9880
812,89.0946,85.3625,89.1943,85.1090,89.1390,85.3377,4.8223
813,88.9530,85.4823,88.8874,85.6538,88.9355,85.5651,1.5020
814,88.8117,85.6013,88.8070,85.0397,88.8058,85.4152,3.8615
815,88.6705,85.7195,88.8817,85.5875,88.7668,85.5804,1.7363
816,88.5296,85.8369,88.5031,86.3011,88.5364,85.9946,4.8996
817,88.3888,85.9536,88.2967,86.2146,88.3353,86.1648,0.2676
818,88.2483,86.0695,88.4990,86.1877,88.3531,86.2815,3.0408
819,88.1080,86.1845,88.2149,86.3218,88.2262,86.3799,0.9858
820,87.9679,86.2988,88.2655,86.2132,88.1509,86.4029,5.1510
821,87.8280,86.4122,87.6466,86.3511,87.7732,86.4799,5.5995
822,87.6884,86.5248,87.2502,86.6161,87.4326,86.5686,5.2897
823,87.5490,86.6365,87.6454,87.1757,87.4845,86.8932,3.8736
824,87.4098,86.7475,87.8335,86.8903,87.6292,86.9621,3.8438
825,87.2708,86.8575,87.2305,86.9498,87.3630,86.9972,3.1592
826,87.1320,86.9667,87.0925,87.1780,87.1591,87.1639,2.1249
827,86.9935,87.0751,87.2908,87.4392,87.1765,87.3582,1.3069
828,86.8552,87.1825,87.1399,87.4260,87.1240,87.4436,2.1987
829,86.7172,87.2891,86.8720,86.7283,86.9431,87.2135,7.7943
830,86.5794,87.3948,86.8733,87.4395,86.8360,87.3658,1.1064
831,86.4418,87.4996,86.4176,87.8374,86.5507,87.6334,2.2632
832,86.3045,87.6034,85.9151,87.6347,86.1266,87.6929,3.7782
833,86.1675,87.7064,85.9181,88.1209,85.9742,87.9311,4.0290
834,86.0307,87.8084,86.0704,87.2370,85.9550,87.7129,6.8303
835,85.8941,87.9096,86.2011,87.9290,86.0262,87.8772,2.4664
836,85.7578,88.0097,85.7706,87.8085,85.7949,87.9533,6.4503
837,85.6218,88.1090,85.7049,88.3149,85.6852,88.1633,0.6414
838,85.4860,88.2072,85.5646,88.3727,85.5540,88.3142,0.1351
839,85.3505,88.3046,85.3584,88.1848,85.4076,88.2726,5.8366
840,85.2152,88.4009,85.3632,88.3706,85.3021,88.3313,8.7505
841,85.0802,88.4963,84.9778,88.6058,85.0308,88.5395,4.6866
842,84.9455,88.5907,84.8564,88.8551,84.8730,88.7223,0.8984
843,84.8111,88.6841,84.8804,89.4491,84.7968,89.1130,4.0437
844,84.6769,88.7765,84.5979,88.6760,84.6365,88.9619,4.2280
845,84.5430,88.8680,84.6573,89.2255,84.6040,89.1656,5.0424
846,84.4094,88.9584,84.6275,89.1626,84.5652,89.2165,0.7370
847,84.2761,89.0478,84.4406,89.4811,84.4273,89.3827,1.1623
848,84.1431,89.1362,83.7648,89.1225,84.0215,89.3125,6.7243
849,84.0103,89.2235,83.6057,89.3207,83.7483,89.3897,4.2144
850,83.8779,89.3099,83.8316,89.4570,83.7349,89.4788,0.9784
851,83.7457,89.3952,83.8835,89.1124,83.7888,89.3371,8.0068
852,83.6138,89.4794,83.4968,89.7867,83.5403,89.6049,4.1588
853,83.4822,89.5626,83.7197,89.9037,83.6004,89.7742,3.3716
854,83.3510,89.6447,83.5003,90.0165,83.4790,89.9287,0.5960
855,83.2200,89.7258,83.1740,89.5089,83.2528,89.8017,2.4405
856,83.0893,89.8058,83.0004,89.3877,83.0329,89.6958,5.8714
857,82.9590,89.8848,82.9694,89.8559,82.9412,89.8405,3.6754
858,82.8289,89.9626,82.6601,89.7053,82.7595,89.8400,5.5751
859,82.6992,90.0394,83.0191,90.0829,82.8444,89.9729,2.8184
860,82.5697,90.1150,82.7528,89.8394,82.7468,89.9684,1.1358
861,82.4406,90.1896,82.5077,90.3090,82.5679,90.1373,2.6601
862,82.3118,90.2631,82.2655,90.3649,82.3320,90.2595,2.5424
863,82.1834,90.3355,82.7786,90.2462,82.4964,90.3040,7.8425
864,82.0552,90.4067,82.0395,90.7192,82.1973,90.5150,3.7626
865,81.9274,90.4769,81.9604,90.8408,82.0178,90.7425,5.6881
866,81.7999,90.5459,81.9751,90.4489,81.9448,90.6438,2.1741
867,81.6727,90.6138,81.6663,90.5273,81.7292,90.6306,0.7819
868,81.5459,90.6805,81.6041,90.8138,81.5972,90.7225,3.1766
869,81.4194,90.7461,81.6136,90.3852,81.5909,90.6099,6.5261
870,81.2932,90.8106,81.5110,90.5069,81.4996,90.5668,3.8055
871,81.1674,90.8739,81.0088,90.3967,81.1828,90.5298,2.5179
872,81.0419,90.9361,81.1298,90.6504,81.0898,90.5888,1.8254
873,80.9168,90.9971,81.0956,90.7143,81.0539,90.6913,2.8043
874,80.7920,91.0570,80.8360,91.2637,80.8791,90.9726,2.3760
875,80.6676,91.1157,80.7844,91.2454,80.7855,91.1253,1.3413
876,80.5435,91.1732,80.5701,90.9046,80.6172,91.0486,1.7689
877,80.4197,91.2296,80.2539,91.2575,80.3773,91.1665,2.9725
878,80.2963,91.2847,80.5173,91.2878,80.4320,91.2460,5.4758
879,80.1733,91.3387,79.7313,91.4152,79.9821,91.3416,5.8683
880,80.0507,91.3915,80.5397,91.0739,80.2490,91.2418,8.1695
881,79.9283,91.4431,80.1927,90.9483,80.1696,91.1484,1.3739
882,79.8064,91.4936,79.7480,90.6533,79.8932,90.9654,3.9409
883,79.6848,91.5428,79.6416,90.9661,79.7328,90.9995,4.4387
884,79.5636,91.5908,79.6582,91.6454,79.6416,91.2982,3.6066
885,79.4428,91.6376,79.1423,91.9195,79.3064,91.6094,4.8314
886,79.3223,91.6833,79.4204,91.7042,79.3379,91.7072,5.1099
887,79.2022,91.7277,79.0708,91.7834,79.1095,91.7493,3.5230
888,79.0825,91.7709,79.1468,92.3057,79.0398,92.0396,7.6824
889,78.9632,91.8128,78.8931,92.1226,78.9025,92.1016,0.8091
890,78.8443,91.8536,79.3059,91.8649,79.0597,92.0222,5.4205
891,78.7257,91.8931,78.8428,91.9066,78.9053,92.0197,1.6832
892,78.6075,91.9314,78.7049,91.9328,78.7419,92.0316,2.5504
893,78.4897,91.9685,78.6848,92.1350,78.6458,92.1037,0.6673
894,78.3723,92.0043,78.3864,92.0016,78.4302,92.0621,3.5756
895,78.2553,92.0389,77.9207,92.5415,78.1240,92.3230,8.0420
896,78.1387,92.0723,78.2543,92.1232,78.1380,92.2374,4.2817
897,78.0225,92.1045,78.0384,92.0954,78.0609,92.2147,3.3197
898,77.9067,92.1353,78.0910,92.1016,78.0778,92.2046,9.0109
899,77.7913,92.1650,77.5920,92.1055,77.7447,92.1874,2.7921
900,77.6762,92.1934,77.4126,91.7610,77.5287,92.0213,3.4761
901,77.5616,92.2206,77.8650,92.2048,77.6671,92.1169,3.1570
902,77.4474,92.2465,77.4050,91.9417,77.4593,92.0462,1.1786
903,77.3336,92.2711,77.2639,92.1221,77.3051,92.1058,1.0499
904,77.2203,92.2945,77.1028,91.8534,77.1506,92.0148,1.1287
905,77.1073,92.3167,77.2641,92.3048,77.1179,92.1343,6.4148
906,76.9947,92.3376,77.3561,92.5486,77.2140,92.3325,3.8202
907,76.8826,92.3572,76.7079,92.0330,76.8763,92.2022,3.9581
908,76.7709,92.3756,76.6659,92.3448,76.7065,92.2857,0.8275
909,76.6596,92.3927,76.6662,92.3299,76.6267,92.3196,0.5068
910,76.5487,92.4085,76.6620,92.4025,76.5774,92.3553,1.2394
911,76.4383,92.4231,76.4610,92.0972,76.4648,92.2428,0.9842
912,76.3282,92.4365,76.4003,92.4135,76.3953,92.3353,1.2780
913,76.2187,92.4485,76.3201,92.3692,76.3159,92.3606,0.5347
914,76.1095,92.4593,76.4389,91.9190,76.3613,92.1773,3.4944
915,76.0008,92.4688,76.0131,92.2433,76.1254,92.2109,0.9379
916,75.8925,92.4771,76.0129,92.3919,76.0436,92.3051,3.2570
917,75.7846,92.4841,75.6856,92.2853,75.8106,92.3187,2.1267
918,75.6772,92.4898,75.5608,92.3830,75.6045,92.3498,1.6131
919,75.5702,92.4943,75.4196,92.3802,75.4666,92.3759,0.9636
920,75.4637,92.4974,75.5085,92.0821,75.4393,92.2484,1.4906
921,75.3576,92.4994,75.1477,92.2214,75.2713,92.2586,6.3059
922,75.2520,92.5000,75.3373,92.5470,75.2810,92.4037,3.5166
923,75.1468,92.4994,74.9914,92.7895,75.0866,92.5979,3.1050
924,75.0421,92.4975,74.8385,92.3704,74.9046,92.5069,0.6868
925,74.9378,92.4943,74.9390,93.0494,74.8586,92.7520,2.7789
926,74.8340,92.4899,74.9850,92.3853,74.8818,92.6007,3.2939
927,74.7306,92.4842,74.8362,92.8714,74.7866,92.7075,2.5827
928,74.6277,92.4772,74.6619,92.1920,74.7005,92.4822,6.4817
929,74.5252,92.4690,74.5480,93.3427,74.5853,92.8967,10.0862
930,74.4232,92.4595,74.4199,93.2219,74.4181,93.0392,2.7223
931,74.3217,92.4487,74.2611,92.2259,74.2958,92.6963,6.7538
932,74.2206,92.4366,74.1490,91.9698,74.1774,92.3557,9.1862
933,74.1200,92.4233,73.8743,92.0247,73.9509,92.1929,1.8526
934,74.0199,92.4088,73.9453,92.5143,73.8792,92.3093,2.5816
935,73.9203,92.3929,73.8079,92.2772,73.7868,92.2857,0.3485
936,73.8211,92.3758,74.0872,92.3806,73.8683,92.2896,6.0821
937,73.7224,92.3575,74.0283,92.4502,73.9283,92.3528,2.6127
938,73.6241,92.3379,73.6651,92.8145,73.7312,92.5434,5.3144
939,73.5264,92.3170,73.3306,92.5526,73.4619,92.5554,3.2666
940,73.4291,92.2948,73.6268,92.3308,73.5085,92.4481,1.6778
941,73.3323,92.2715,73.5837,92.2516,73.5065,92.3526,1.5628
942,73.2360,92.2468,73.1408,92.2545,73.2830,92.3109,2.6307
943,73.1402,92.2209,73.4352,92.1186,73.3000,92.1900,3.2849
944,73.0449,92.1938,73.3129,91.9549,73.2241,92.0329,7.1847
945,72.9500,92.1654,73.0142,92.3504,73.0418,92.1417,3.4280
946,72.8557,92.1358,72.8108,92.2259,72.8768,92.1661,1.5609
947,72.7618,92.1049,72.5546,92.2819,72.6553,92.2125,1.2572
948,72.6685,92.0728,72.6748,92.1273,72.6244,92.1590,0.4315
949,72.5756,92.0394,72.6029,92.2622,72.5458,92.1740,1.6575
950,72.4832,92.0048,72.7108,91.6816,72.5749,91.9102,5.6234
951,72.3913,91.9690,72.1354,92.1125,72.2631,91.9678,4.4518
952,72.3000,91.9319,72.4434,92.1925,72.3099,92.0458,2.2712
953,72.2091,91.8936,72.1813,92.1062,72.1578,92.0282,5.0645
954,72.1187,91.8541,72.0658,91.9584,72.0486,91.9658,1.4693
955,72.0289,91.8134,72.0056,91.7597,71.9789,91.8503,0.4765
956,71.9395,91.7714,72.0092,91.8596,71.9275,91.8177,3.4637
957,71.8507,91.7283,71.8650,92.0730,71.8550,91.9161,0.8593
958,71.7623,91.6839,72.0366,91.8393,71.9193,91.8558,2.7528
959,71.6745,91.6383,71.8233,92.0330,71.8242,91.9152,0.3823
960,71.5872,91.5915,71.3632,91.4657,71.5360,91.6945,5.1993
961,71.5004,91.5435,71.3372,91.8599,71.4108,91.7683,2.8211
962,71.4142,91.4943,71.6325,91.2920,71.4982,91.5230,3.4245
963,71.3284,91.4439,71.5289,91.5881,71.4908,91.5304,1.6786
964,71.2432,91.3923,71.2017,91.3256,71.2644,91.3927,3.6083
965,71.1584,91.3395,71.1797,91.1949,71.1770,91.2686,0.6960
966,71.0743,91.2855,71.2004,90.9018,71.1673,91.0759,1.6539
967,70.9906,91.2303,71.1244,91.4995,71.0795,91.2188,3.6490
968,70.9075,91.1740,71.1625,90.7449,71.0829,90.9591,2.2724
969,70.8248,91.1165,71.0563,91.4899,71.0140,91.1542,3.1780
970,70.7428,91.0578,70.9309,91.4291,70.9009,91.2286,3.0665
971,70.6612,90.9980,70.9072,91.3003,70.8327,91.2077,3.4638
972,70.5802,90.9370,70.4700,90.9206,70.6100,91.0612,2.5499
973,70.4997,90.8748,70.7428,90.4320,70.6520,90.7359,3.8097
974,70.4197,90.8115,70.4113,91.0412,70.5014,90.8536,3.3601
975,70.3403,90.7470,70.0104,90.5754,70.2076,90.7059,3.2285
976,70.2615,90.6814,70.0798,90.9432,70.1270,90.8008,5.4733
977,70.1831,90.6147,70.4904,90.7467,70.2819,90.7295,2.8239
978,70.1053,90.5468,70.4320,90.7830,70.3241,90.7112,1.2304
979,70.0281,90.4778,69.8410,90.4363,70.0355,90.5637,2.6133
980,69.9514,90.4077,69.9575,90.9745,69.9591,90.7215,3.1359
981,69.8752,90.3365,69.7894,90.0954,69.8508,90.4146,2.9761
982,69.7996,90.2641,69.7480,89.8341,69.7656,90.1106,3.5302
983,69.7245,90.1907,69.7353,90.3776,69.7194,90.1930,2.0347
984,69.6500,90.1161,69.8141,90.2933,69.7486,90.2039,3.3378
985,69.5760,90.0404,69.3926,90.5994,69.4892,90.3354,4.7278
986,69.5026,89.9637,69.3646,89.8973,69.3889,90.0998,2.0408
987,69.4297,89.8858,69.3777,89.7304,69.3565,89.8943,3.1012
988,69.3574,89.8069,69.4660,90.3734,69.3894,90.0762,3.5590
989,69.2857,89.7269,69.1565,89.5418,69.2505,89.8073,2.4536
990,69.2145,89.6459,69.0763,89.6562,69.1062,89.6827,4.1834
991,69.1438,89.5637,68.8873,89.6988,68.9337,89.6387,1.9579
992,69.0737,89.4806,69.0498,90.1435,68.9632,89.8286,3.5709
993,69.0042,89.3963,68.9812,89.4034,68.9541,89.6006,1.4327
994,68.9353,89.3111,68.6825,89.6338,68.7718,89.5773,0.7212
995,68.8669,89.2247,68.2711,89.4444,68.5125,89.5170,8.0461
996,68.7991,89.1374,68.8572,88.9331,68.6935,89.2176,9.1162
997,68.7318,89.0490,69.1019,89.5083,68.8858,89.2979,4.6714
998,68.6651,88.9596,68.7925,88.9439,68.7479,89.0456,9.8642
999,68.5990,88.8692,68.3059,88.2725,68.4830,88.6443,5.2804
1000,68.5334,88.7778,68.5240,88.5746,68.4646,88.5439,0.3662
1001,68.4684,88.6854,68.6809,88.8975,68.4825,88.5979,10.9045
1002,68.4040,88.5920,68.2118,88.7536,68.2838,88.6071,2.0331
1003,68.3402,88.4976,68.2360,88.4388,68.2088,88.4637,0.8096
1004,68.2769,88.4022,68.2617,88.4740,68.1870,88.3970,1.0386
1005,68.2142,88.3059,68.7733,88.5930,68.4923,88.4314,6.6112
1006,68.1521,88.2086,68.2320,88.1749,68.3059,88.2497,2.1746
1007,68.0906,88.1103,67.8767,88.5430,68.0625,88.3530,4.5374
1008,68.0296,88.0111,68.3874,87.4558,68.2172,87.8805,9.5937
1009,67.9692,87.9109,67.9634,88.0525,68.0544,87.9064,1.7015
1010,67.9094,87.8098,68.1142,88.0732,68.0325,87.9032,2.4871
1011,67.8502,87.7078,68.0586,87.3948,68.0649,87.6318,7.3237
1012,67.7916,87.6049,67.8748,87.6933,67.9194,87.5889,1.1841
1013,67.7335,87.5010,67.9055,87.6839,67.8745,87.5639,0.6232
1014,67.6761,87.3962,67.5611,87.6105,67.7070,87.5517,3.0283
1015,67.6192,87.2906,67.7991,87.5094,67.7262,87.4686,0.5364
1016,67.5629,87.1840,67.5572,86.8928,67.6079,87.1443,2.1795
1017,67.5072,87.0766,67.2203,87.0358,67.3502,87.0237,2.1097
1018,67.4521,86.9682,67.4553,86.7399,67.3540,86.8082,2.0129
1019,67.3976,86.8590,67.5710,86.6380,67.4492,86.6659,3.7652
1020,67.3437,86.7490,67.0385,86.8118,67.2289,86.7014,7.4949
1021,67.2903,86.6381,67.2601,86.7177,67.2527,86.6671,2.8032
1022,67.2376,86.5263,67.6019,86.6099,67.4265,86.5731,2.8489
1023,67.1854,86.4137,66.9003,86.4115,67.1282,86.4538,3.3248
1024,67.1339,86.3003,67.2377,86.3297,67.1749,86.3395,0.7080
1025,67.0829,86.1861,66.9411,85.6012,67.0387,85.9420,3.4766
1026,67.0326,86.0711,67.1612,85.9592,67.0775,85.8683,1.7630
1027,66.9828,85.9552,66.7249,85.9197,66.8701,85.8353,1.8533
1028,66.9336,85.8386,66.8717,85.7683,66.9063,85.7805,8.0469
1029,66.8851,85.7211,67.0067,85.6299,66.9391,85.6504,4.6846
1030,66.8371,85.6029,66.6934,85.3611,66.7927,85.4564,0.7403
1031,66.7897,85.4839,67.1666,85.2796,66.9809,85.2975,2.6261
1032,66.7430,85.3642,66.6069,85.4748,66.7245,85.2881,4.8079
1033,66.6968,85.2437,66.6358,85.6242,66.6514,85.3742,2.3634
1034,66.6513,85.1225,66.4915,85.0563,66.5548,85.1713,0.7163
1035,66.6063,85.0005,66.4764,85.2157,66.4906,85.1214,2.3639
1036,66.5620,84.8778,66.6291,84.2941,66.5572,84.6821,8.7287
1037,66.5183,84.7544,66.5717,84.5736,66.5369,84.5465,0.9186
1038,66.4751,84.6303,66.3770,84.4715,66.4526,84.4574,1.4899
1039,66.4326,84.5055,66.6000,84.5913,66.5123,84.4447,1.1039
1040,66.3907,84.3800,66.2448,84.6903,66.3290,84.4878,3.3079
1041,66.3494,84.2538,66.2870,84.3445,66.2667,84.3403,0.6586
1042,66.3087,84.1269,66.6296,84.3835,66.4392,84.2859,2.5566
1043,66.2686,83.9994,66.3864,83.7682,66.3968,83.9794,1.4510
1044,66.2292,83.8712,65.9097,83.7482,66.1414,83.8241,3.4663
1045,66.1903,83.7424,66.3223,83.8883,66.2123,83.7778,1.5804
1046,66.1521,83.6130,65.6947,83.4095,65.9413,83.5627,4.0976
1047,66.1145,83.4829,66.0613,83.3354,65.9890,83.3821,0.4789
1048,66.0775,83.3522,66.6472,83.5827,66.3293,83.4010,10.8096
1049,66.0411,83.2209,66.7100,83.4637,66.5047,83.3418,3.3406
1050,66.0053,83.0890,66.1713,83.2224,66.3057,83.2225,3.6446
1051,65.9701,82.9565,65.7224,83.1896,65.9813,83.1649,9.8436
1052,65.9356,82.8234,65.9759,82.6516,65.9569,82.8578,3.1164
1053,65.9016,82.6898,66.1294,82.5162,66.0701,82.6465,2.8935
1054,65.8683,82.5556,65.8072,82.9658,65.9441,82.7531,6.2235
1055,65.8356,82.4209,65.7442,82.0152,65.7803,82.3052,8.0906
1056,65.8036,82.2856,65.4499,81.8803,65.5921,82.0336,1.9434
1057,65.7721,82.1498,66.1284,82.2004,65.8433,82.0016,5.7874
1058,65.7413,82.0135,65.8049,82.2987,65.7592,82.0353,5.0367
1059,65.7111,81.8767,65.5895,81.9011,65.7047,81.9328,4.1987
1060,65.6815,81.7394,65.6623,81.5478,65.6201,81.6417,4.5805
1061,65.6525,81.6015,65.9330,81.1317,65.8021,81.3304,3.7764
1062,65.6242,81.4632,65.5112,81.3851,65.6581,81.2907,2.4895
1063,65.5965,81.3245,65.7444,81.0719,65.7135,81.1173,0.7987
1064,65.5694,81.1853,65.3547,81.3495,65.4701,81.1259,4.1786
1065,65.5429,81.0456,65.4789,81.1128,65.4925,81.0632,1.9338
1066,65.5171,80.9055,65.2679,81.1685,65.3505,81.0440,2.2511
1067,65.4919,80.7649,65.3385,80.7876,65.2985,80.8303,1.4124
1068,65.4673,80.6240,65.7773,80.5302,65.4996,80.5839,8.0302
1069,65.4433,80.4826,65.5305,80.2406,65.5070,80.3456,0.6251
1070,65.4200,80.3408,65.5521,80.2237,65.5957,80.2498,7.5754
1071,65.3973,80.1987,65.4260,80.1350,65.4701,80.1002,1.2324
1072,65.3752,80.0562,65.2906,80.3500,65.3867,80.1517,3.1243
1073,65.3537,79.9133,64.9903,79.7226,65.1609,79.8882,4.2977
1074,65.3329,79.7700,65.3520,79.8375,65.2135,79.7634,2.9645
1075,65.3127,79.6264,65.6039,79.4226,65.4078,79.5167,2.9556
1076,65.2931,79.4825,65.5104,79.0787,65.4427,79.2221,2.1344
1077,65.2742,79.3382,65.1498,79.4663,65.2750,79.2645,5.1253
1078,65.2559,79.1937,65.3951,79.2321,65.3267,79.1565,1.3884
1079,65.2382,79.0488,65.0422,79.0419,65.1332,79.0044,2.2228
1080,65.2212,78.9036,64.9558,78.8854,65.0509,78.8904,1.5170
1081,65.2047,78.7581,65.2500,78.7231,65.1119,78.6991,3.0194
1082,65.1890,78.6124,65.1054,78.8828,65.1449,78.7371,4.4999
1083,65.1738,78.4664,65.0698,78.6287,65.1156,78.6233,0.5544
1084,65.1593,78.3202,65.3211,78.4092,65.1454,78.3999,7.6912
1085,65.1454,78.1737,64.9692,77.9847,65.0963,78.1526,5.7500
1086,65.1321,78.0270,64.9725,78.1394,65.0088,78.0672,2.1706
1087,65.1195,77.8801,65.4276,77.8999,65.1807,77.8779,5.5650
1088,65.1075,77.7329,65.2269,77.3626,65.2284,77.5719,1.9578
1089,65.0962,77.5856,65.1012,77.4271,65.1748,77.4274,0.7166
1090,65.0854,77.4381,65.2250,77.2019,65.2193,77.2437,0.7307
1091,65.0753,77.2903,64.9627,77.5078,65.0248,77.2452,6.1122
1092,65.0659,77.1425,65.2317,77.3376,65.0814,77.1772,3.9007
1093,65.0571,76.9945,64.8987,76.6579,64.9780,76.8511,1.6388
1094,65.0489,76.8463,64.6636,76.8125,64.7377,76.7115,5.6386
1095,65.0413,76.6980,65.1524,76.7916,64.9415,76.6507,2.7756
1096,65.0344,76.5495,65.0188,76.6749,64.9606,76.5778,3.0515
1097,65.0281,76.4010,64.9813,76.3275,64.9727,76.3748,1.2715
1098,65.0224,76.2524,64.8371,76.3145,64.9276,76.2922,2.5159
1099,65.0174,76.1036,64.9674,75.6174,64.9669,75.9054,2.5814
1100,65.0130,75.9548,65.1149,76.2059,65.0179,75.9358,3.1734
1101,65.0093,75.8059,64.9212,75.9504,64.9470,75.8499,0.6404
1102,65.0062,75.6570,65.0590,75.9212,64.9886,75.7877,1.0285
1103,65.0037,75.5080,65.1709,74.9629,65.1097,75.3395,6.5168
1104,65.0018,75.3590,65.0296,75.4929,65.0949,75.3598,9.3890
1105,65.0006,75.2099,65.0418,75.0121,65.1334,75.1482,4.7097
1106,65.0001,75.0609,64.9201,74.8697,65.0283,74.9493,2.9972
1107,65.0001,74.9118,65.1204,75.3602,65.0519,75.0556,7.8576
1108,65.0008,74.7627,65.1997,74.7014,65.1331,74.8073,0.6552
1109,65.0021,74.6137,65.1740,74.7217,65.1744,74.6907,0.5901
1110,65.0041,74.4647,64.8982,74.1480,65.0099,74.3443,2.9904
1111,65.0067,74.3157,65.1174,74.0414,65.0259,74.0964,3.7635
1112,65.0099,74.1668,64.9475,74.5314,64.9593,74.1948,3.8558
1113,65.0138,74.0179,64.8767,74.0320,64.9593,74.0565,2.9711
1114,65.0183,73.8691,65.3617,73.6411,65.1433,73.7610,4.8488
1115,65.0234,73.7204,64.9081,73.8549,65.0276,73.7097,7.5547
1116,65.0292,73.5717,64.9991,73.2035,65.0402,73.4058,1.6223
1117,65.0356,73.4232,65.0740,73.2773,65.0606,73.2495,1.4516
1118,65.0426,73.2748,64.9769,73.3552,65.0509,73.2225,3.5343
1119,65.0503,73.1265,65.2753,73.1705,65.1208,73.0765,3.5712
1120,65.0586,72.9784,65.1587,72.8690,65.0977,72.8678,2.2148
1121,65.0676,72.8304,65.0745,72.6683,65.1256,72.7170,2.7537
1122,65.0771,72.6826,64.9731,72.8868,65.0754,72.7304,2.1463
1123,65.0874,72.5349,65.1135,72.0783,65.1111,72.3435,2.8477
1124,65.0982,72.3874,65.2027,72.8077,65.0863,72.4368,8.6561
1125,65.1097,72.2401,65.4485,72.0767,65.2543,72.1728,4.2459
1126,65.1218,72.0930,65.0004,71.9928,65.1277,72.0054,1.1002
1127,65.1345,71.9461,65.4459,72.0236,65.2883,71.9134,1.9092
1128,65.1479,71.7994,65.1392,71.7519,65.2176,71.7663,2.4150
1129,65.1619,71.6530,64.9828,71.7153,65.0940,71.6637,1.1306
1130,65.1765,71.5068,65.1811,71.2282,65.1226,71.3529,5.1068
1131,65.1918,71.3608,65.4383,71.7129,65.2677,71.4086,5.4432
1132,65.2077,71.2152,65.3069,70.9975,65.3051,71.1375,0.7105
1133,65.2242,71.0698,65.1438,71.0372,65.2703,71.0354,2.2087
1134,65.2414,70.9246,65.3772,70.8410,65.3370,70.8594,0.2469
1135,65.2592,70.7798,65.2867,71.1528,65.2236,70.8656,8.5475
1136,65.2776,70.6353,65.2597,70.7729,65.2456,70.7388,0.2316
1137,65.2967,70.4911,65.1948,70.2461,65.2676,70.4468,2.9741
1138,65.3164,70.3472,65.4154,70.4050,65.3895,70.3648,1.5878
1139,65.3367,70.2037,65.4053,70.0813,65.3652,70.1287,1.7555
1140,65.3576,70.0605,65.3343,70.1870,65.2836,70.0325,4.8035
1141,65.3792,69.9177,65.2164,70.0284,65.3079,69.9821,2.9572
1142,65.4014,69.7752,65.5307,70.0841,65.4534,69.9573,1.4732
1143,65.4242,69.6331,65.6007,69.7925,65.5532,69.8108,0.3561
1144,65.4477,69.4914,65.4178,69.4935,65.4173,69.5436,6.5658
1145,65.4717,69.3502,65.6292,69.1586,65.5600,69.2921,1.1814
1146,65.4964,69.2093,65.3232,69.0767,65.4384,69.0992,3.0380
1147,65.5218,69.0688,65.6961,68.9268,65.5827,68.9369,1.3828
1148,65.5477,68.9288,65.7538,68.7331,65.7370,68.7869,3.0252
1149,65.5743,68.7892,65.5186,68.6703,65.6063,68.6270,4.0244
1150,65.6015,68.6500,65.3886,68.3578,65.5126,68.4141,3.6099
1151,65.6293,68.5114,65.6981,68.3079,65.5953,68.2676,0.9229
1152,65.6578,68.3732,65.5564,68.6403,65.6293,68.3895,6.5157
1153,65.6869,68.2354,65.7534,68.4074,65.7515,68.3401,1.8734
1154,65.7166,68.0982,65.9763,67.9455,65.9633,68.1227,6.5546
1155,65.7469,67.9615,65.8033,68.0935,65.8240,67.9930,5.7458
1156,65.7778,67.8252,65.7326,68.1963,65.7603,67.9977,1.8216
1157,65.8094,67.6895,66.0141,68.1387,65.8906,67.9812,1.3502
1158,65.8416,67.5544,65.6300,68.1850,65.7562,68.0156,3.9498
1159,65.8744,67.4197,66.0385,67.9780,65.9220,67.9511,8.3433
1160,65.9078,67.2856,66.0991,67.2402,66.0322,67.5479,5.0645
1161,65.9419,67.1521,66.0590,67.5875,66.0105,67.4666,2.9837
1162,65.9765,67.0192,66.0195,66.7191,65.9897,67.0322,5.0765
1163,66.0118,66.8868,66.0605,66.5779,66.0360,66.7276,4.6388
1164,66.0477,66.7550,65.9916,66.6906,66.0511,66.6471,1.8918
1165,66.0842,66.6238,66.2146,66.9210,66.1818,66.7063,2.3812
1166,66.1213,66.4932,66.4215,66.4093,66.3187,66.4810,2.0762
1167,66.1591,66.3633,65.8642,66.4083,66.0994,66.3841,4.5929
1168,66.1974,66.2339,66.0801,66.2188,66.1639,66.2639,2.9579
1169,66.2364,66.1052,66.0737,66.1867,66.1463,66.1522,2.0624
1170,66.2759,65.9772,66.0150,65.8096,66.1414,65.9452,2.3142
1171,66.3161,65.8498,66.2535,66.0156,66.1695,65.8882,2.4197
1172,66.3569,65.7230,66.3658,65.4533,66.2665,65.6064,2.0490
1173,66.3984,65.5970,66.4113,65.8327,66.3704,65.6348,1.7138
1174,66.4404,65.4716,66.3027,65.7351,66.3458,65.6028,1.1231
1175,66.4830,65.3469,66.4999,64.8933,66.4669,65.2155,3.7598
1176,66.5262,65.2229,66.2968,65.1901,66.4515,65.1503,2.5105
1177,66.5701,65.0996,66.7659,65.2068,66.6426,65.0985,1.6512
1178,66.6145,64.9771,66.5895,65.0672,66.6394,65.0115,0.3646
1179,66.6596,64.8552,66.5744,65.2038,66.6732,65.0368,6.5331
1180,66.7053,64.7341,66.6774,64.9656,66.7112,64.9402,0.5190
1181,66.7515,64.6138,66.9050,64.2942,66.9073,64.6147,9.8666
1182,66.7984,64.4942,67.0461,64.8512,67.0090,64.6518,1.4062
1183,66.8459,64.3753,66.8122,64.1189,66.8917,64.3213,3.6711
1184,66.8939,64.2573,67.1361,64.2144,66.9850,64.1776,2.4905
1185,66.9426,64.1400,66.9681,64.2032,66.9972,64.1119,0.8781
1186,66.9919,64.0235,66.9568,64.3436,67.0531,64.1716,3.0059
1187,67.0417,63.9078,66.8004,63.7141,66.9490,63.9002,2.0775
1188,67.0922,63.7929,67.2238,63.7358,67.1056,63.7524,0.7588
1189,67.1433,63.6788,67.1562,63.5989,67.0716,63.5786,4.2890
1190,67.1949,63.5655,67.0231,63.3404,67.0410,63.3874,0.7087
1191,67.2472,63.4531,67.3441,63.5258,67.1707,63.3653,3.2732
1192,67.3001,63.3415,67.1882,63.7058,67.2210,63.4600,2.2123
1193,67.3535,63.2308,67.8159,63.4716,67.5105,63.3815,4.7292
1194,67.4075,63.1209,67.1774,63.8432,67.3285,63.5369,7.6372
1195,67.4622,63.0118,67.6187,63.4208,67.4714,63.4213,1.7214
1196,67.5174,62.9037,67.4829,63.2411,67.5969,63.3119,5.8131
1197,67.5732,62.7964,67.4974,62.5963,67.5182,62.9170,7.3069
1198,67.6296,62.6900,67.5042,62.9082,67.5352,62.8572,0.6369
1199,67.6866,62.5845,68.2420,62.5607,67.9303,62.6621,6.1981
