episode,reward,robot_x,robot_y,target_x,target_y
1,2784.1243,-2.2296,-1.5144,1.475,2.525
2,635.2803,-0.3101,-2.6453,1.475,2.525
3,14182.8648,-1.6006,-0.1251,1.475,2.525
4,2374.3564,-2.1808,-1.5342,1.475,2.525
5,1962.6632,-2.2508,-1.5234,1.475,2.525
6,1961.7725,-2.2952,-1.5261,1.475,2.525
7,2477.1069,-2.1714,-1.5371,1.475,2.525
8,14655.2126,-0.4793,-1.7014,1.475,2.525
9,21970.7122,-0.3492,-0.3205,1.475,2.525
10,15672.7567,-0.4702,-1.4194,1.475,2.525
11,15661.614,-0.4738,-1.2262,1.475,2.525
12,15464.0136,-0.4669,-1.0707,1.475,2.525
13,2271.4009,-2.1956,-1.5263,1.475,2.525
14,17565.1593,-0.5733,-0.3271,1.475,2.525
15,1550.6128,-2.3193,-1.5128,1.475,2.525
16,2888.9167,-2.1416,-1.5368,1.475,2.525
17,-338.0234,-0.577,-2.6515,1.475,2.525
18,2065.1622,-2.2433,-1.5348,1.475,2.525
19,17462.7363,-0.8094,-0.2608,1.475,2.525
20,32049.6102,-1.5872,2.1323,1.475,2.525
21,15967.2239,-0.4802,-1.3331,1.475,2.525
22,16080.2123,-0.4793,-1.1658,1.475,2.525
23,1653.6031,-2.3019,-1.5259,1.475,2.525
24,-1725.4566,-0.4636,-2.6641,1.475,2.525
25,-3200.0131,-1.1678,-2.6481,1.475,2.525
26,15635.4384,-0.4831,-1.7711,1.475,2.525
27,37869.7639,1.4249,1.1537,1.475,2.525
28,14226.3455,-1.6012,-0.0445,1.475,2.525
29,13223.8691,-1.6554,-0.1177,1.475,2.525
30,15544.3453,-0.483,-1.5191,1.475,2.525
31,2271.4777,-2.2437,-1.5256,1.475,2.525
32,7951.3721,-0.4714,-1.7432,1.475,2.525
33,14318.3217,-1.6203,-0.1653,1.475,2.525
34,4535.9467,-1.8978,-1.559,1.475,2.525
35,3301.2688,-2.0758,-1.5186,1.475,2.525
36,2271.1726,-2.2339,-1.5417,1.475,2.525
37,14321.2977,-0.4731,-1.7481,1.475,2.525
38,15899.475,-0.468,-1.1152,1.475,2.525
39,3671.7134,-1.5479,-2.0082,1.475,2.525
40,15235.0189,-0.4769,-1.5416,1.475,2.525
41,2785.9685,-2.2267,-1.5379,1.475,2.525
42,16806.0233,-0.4491,-0.9981,1.475,2.525
43,2992.0215,-2.1208,-1.5422,1.475,2.525
44,2374.439,-2.1806,-1.5274,1.475,2.525
45,2683.0268,-2.1857,-1.5392,1.475,2.525
46,2579.7964,-2.2318,-1.5391,1.475,2.525
47,14127.9293,-0.4321,-1.0518,1.475,2.525
48,2373.9507,-2.2324,-1.5403,1.475,2.525
49,1756.3988,-2.2769,-1.5207,1.475,2.525
50,20349.1258,-0.3815,-0.3087,1.475,2.525
51,2065.4832,-2.2416,-1.5327,1.475,2.525
52,2580.2123,-2.1529,-1.5289,1.475,2.525
53,2580.5506,-2.1914,-1.5294,1.475,2.525
54,-154.0386,-1.2653,-2.6551,1.475,2.525
55,16746.3356,-0.9447,-0.0234,1.475,2.525
56,-84.5293,-0.8499,-2.6498,1.475,2.525
57,3918.6601,-2.0176,-1.5077,1.475,2.525
58,2683.0212,-2.1549,-1.5458,1.475,2.525
59,1447.4037,-2.3341,-1.515,1.475,2.525
60,1447.736,-2.3183,-1.5246,1.475,2.525
61,2683.841,-2.1616,-1.5408,1.475,2.525
62,1653.6451,-2.2993,-1.5118,1.475,2.525
63,1653.4893,-2.3027,-1.5275,1.475,2.525
64,17989.2796,-0.9344,0.1132,1.475,2.525
65,2271.2468,-2.21,-1.5375,1.475,2.525
66,1550.7883,-2.3339,-1.5225,1.475,2.525
67,-1828.4129,-1.5471,-2.5147,1.475,2.525
68,1962.2561,-2.2614,-1.5364,1.475,2.525
69,3609.5963,-1.9978,-1.5357,1.475,2.525
70,3918.5697,-2.0259,-1.5333,1.475,2.525
71,16276.2983,-0.4719,-1.33,1.475,2.525
72,2065.6637,-2.2453,-1.5234,1.475,2.525
73,5089.9308,-1.7766,-1.5679,1.475,2.525
74,3609.8439,-2.0768,-1.5082,1.475,2.525
75,3534.327,-0.3729,-2.2756,1.475,2.525
76,2168.2272,-2.2177,-1.5407,1.475,2.525
77,4668.4538,-1.7297,-1.655,1.475,2.525
78,16292.0426,-0.4625,-1.0367,1.475,2.525
79,2786.3599,-2.1438,-1.5274,1.475,2.525
80,23434.2926,0.7742,-0.8391,1.475,2.525
81,-234.9904,-0.8508,-2.6489,1.475,2.525
82,3284.7487,-0.4394,-2.6546,1.475,2.525
83,2993.3596,-1.6177,-1.8527,1.475,2.525
84,15960.7141,-0.4839,-1.4216,1.475,2.525
85,14188.6802,-0.4744,-1.3217,1.475,2.525
86,1027.552,-0.137,-2.6479,1.475,2.525
87,1653.6714,-2.3038,-1.5242,1.475,2.525
88,15377.7122,0.3746,-1.4203,1.475,2.525
89,16349.5282,-0.478,-1.8972,1.475,2.525
90,2270.8843,-2.2359,-1.515,1.475,2.525
91,15855.0919,-0.4841,-1.5,1.475,2.525
92,1024.2623,-0.1919,-2.666,1.475,2.525
93,5440.0719,-0.4451,-2.2118,1.475,2.525
94,16179.1289,-0.4641,-1.1852,1.475,2.525
95,23114.0335,-0.2309,-0.2499,1.475,2.525
96,3198.3052,-2.1404,-1.521,1.475,2.525
97,3094.8891,-2.0829,-1.5475,1.475,2.525
98,2168.0401,-2.2417,-1.5495,1.475,2.525
99,2374.6238,-2.2055,-1.5238,1.475,2.525
100,2065.4508,-2.2248,-1.5267,1.475,2.525
101,13037.5313,-0.4794,-1.5709,1.475,2.525
102,18504.5889,-0.9327,0.2116,1.475,2.525
103,2168.2235,-2.2288,-1.5354,1.475,2.525
104,16909.6127,-0.4774,-1.0693,1.475,2.525
105,65.3023,-1.5495,-2.1803,1.475,2.525
106,2065.1242,-2.293,-1.5241,1.475,2.525
107,4947.9409,-1.9033,-1.5609,1.475,2.525
108,21391.5681,0.9262,-1.0948,1.475,2.525
109,12882.9858,-1.9185,-0.4267,1.475,2.525
110,-322.4805,-1.558,-2.4257,1.475,2.525
111,17357.5762,-0.9459,0.0191,1.475,2.525
112,31302.1581,-0.0998,0.9386,1.475,2.525
113,31682.7748,0.8846,0.321,1.475,2.525
114,16737.6518,-0.845,-0.2228,1.475,2.525
115,17462.8763,-0.9528,0.0478,1.475,2.525
116,17864.9628,-0.7705,-0.2861,1.475,2.525
117,1653.7485,-2.2956,-1.5137,1.475,2.525
118,2992.1946,-2.125,-1.5283,1.475,2.525
119,19891.4642,-1.9821,1.4666,1.475,2.525
120,4226.7307,-1.9308,-1.5476,1.475,2.525
121,2580.4447,-2.1376,-1.5268,1.475,2.525
122,19114.475,-0.9429,0.305,1.475,2.525
123,18578.0198,-0.7369,-0.3023,1.475,2.525
124,-1519.7794,-0.7453,-2.6528,1.475,2.525
125,-262.7448,-1.3343,-2.6517,1.475,2.525
126,2129.0805,-1.5519,-2.3573,1.475,2.525
127,16079.9689,-0.472,-1.1782,1.475,2.525
128,1328.0972,-0.7329,-2.6399,1.475,2.525
129,1344.7775,-2.3248,-1.5226,1.475,2.525
130,1344.7459,-2.3176,-1.5246,1.475,2.525
131,33373.3744,-1.21,2.602,1.475,2.525
132,1080.2507,-0.7389,-2.6572,1.475,2.525
133,1344.4288,-2.375,-1.5094,1.475,2.525
134,11635.5324,-0.4703,-1.7873,1.475,2.525
135,35719.2425,0.818,0.9279,1.475,2.525
136,5256.2141,-1.8676,-1.5612,1.475,2.525
137,15876.7719,-0.4754,-1.0577,1.475,2.525
138,2983.1976,-1.6999,-1.7378,1.475,2.525
139,14549.1291,-0.4771,-1.791,1.475,2.525
140,1715.7724,-1.5612,-2.0925,1.475,2.525
141,15650.3619,-0.4715,-1.4355,1.475,2.525
142,12569.141,-0.4378,-1.3336,1.475,2.525
143,2271.4583,-2.2799,-1.5213,1.475,2.525
144,-241.9523,-0.7334,-2.6551,1.475,2.525
145,2863.0682,-1.5543,-1.9904,1.475,2.525
146,2786.0203,-2.1592,-1.5364,1.475,2.525
147,32584.9528,1.2737,0.1023,1.475,2.525
148,2065.3658,-2.25,-1.5357,1.475,2.525
149,11761.7032,-1.8248,-0.4033,1.475,2.525
150,938.8176,-1.2388,-2.6415,1.475,2.525
151,4193.2302,-1.5943,-1.8335,1.475,2.525
152,10375.2295,-0.4833,-1.7318,1.475,2.525
153,32990.1586,1.1991,0.1562,1.475,2.525
154,4329.2104,-1.9402,-1.55,1.475,2.525
155,2898.8512,-2.6491,-0.5504,1.475,2.525
156,10526.2195,-2.0179,-0.4191,1.475,2.525
157,4867.6487,-1.7163,-1.6357,1.475,2.525
158,18083.3094,-0.9242,-0.0163,1.475,2.525
159,31772.1518,1.2168,0.1431,1.475,2.525
160,12090.4933,-0.4685,-1.3258,1.475,2.525
161,4535.8082,-1.9088,-1.5601,1.475,2.525
162,16806.2202,-0.473,-1.0311,1.475,2.525
163,1241.73,-2.3546,-1.5176,1.475,2.525
164,6228.9828,-0.4662,-2.1651,1.475,2.525
165,29861.9789,-0.2635,1.2658,1.475,2.525
166,3802.7591,-0.4711,-2.1755,1.475,2.525
167,12953.5471,-0.4802,-1.5791,1.475,2.525
168,20743.9321,-0.9541,0.1165,1.475,2.525
169,30750.4119,0.9013,0.3225,1.475,2.525
170,4125.5076,-2.0089,-1.5097,1.475,2.525
171,15771.1239,-0.479,-1.1059,1.475,2.525
172,3506.7016,-2.0712,-1.5555,1.475,2.525
173,15647.7289,-0.4657,-1.5377,1.475,2.525
174,15334.5951,-0.4726,-1.6199,1.475,2.525
175,16968.6228,-0.3863,-0.8654,1.475,2.525
176,10218.4522,-2.0005,-0.4296,1.475,2.525
177,18591.5936,-0.4761,-0.3319,1.475,2.525
178,3953.0511,-1.574,-1.9073,1.475,2.525
179,10991.6389,-0.4697,-1.4414,1.475,2.525
180,22082.7017,0.2999,-0.8941,1.475,2.525
181,41717.9289,1.1329,1.8196,1.475,2.525
182,1859.486,-2.3138,-1.5145,1.475,2.525
183,1756.641,-2.2824,-1.5238,1.475,2.525
184,11857.5952,-0.455,-1.5323,1.475,2.525
185,11151.1298,-1.8159,-0.4056,1.475,2.525
186,-1445.3719,-1.56,-2.426,1.475,2.525
187,30343.4659,0.7994,0.3991,1.475,2.525
188,24272.9789,0.952,-0.512,1.475,2.525
189,1946.595,-1.5947,-2.111,1.475,2.525
190,31171.9818,0.7916,0.4086,1.475,2.525
191,10932.3118,-1.93,-0.4284,1.475,2.525
192,2991.5603,-2.1311,-1.56,1.475,2.525
193,4741.6233,-1.9662,-1.5481,1.475,2.525
194,261.2326,-1.5468,-2.1762,1.475,2.525
195,17559.9412,-0.7558,-0.2935,1.475,2.525
196,16085.938,-0.4546,-1.0438,1.475,2.525
197,3094.8684,-2.0981,-1.5326,1.475,2.525
198,25470.6465,-0.1116,-0.0762,1.475,2.525
199,16936.682,-1.5995,0.1812,1.475,2.525
200,18893.6014,-0.5377,-0.3169,1.475,2.525
201,15769.1861,-0.4774,-1.1719,1.475,2.525
202,30334.0493,1.2109,0.1444,1.475,2.525
203,13110.0264,-1.6957,-0.2711,1.475,2.525
204,9704.2921,-1.9765,-0.433,1.475,2.525
205,13337.987,-0.4766,-1.5418,1.475,2.525
206,2712.0778,-2.4152,-1.5037,1.475,2.525
207,2887.3522,-2.2866,-1.5422,1.475,2.525
208,18377.6547,-0.6514,-0.3238,1.475,2.525
209,3301.2882,-2.1124,-1.5012,1.475,2.525
210,19299.0199,-0.9405,-0.06,1.475,2.525
211,14283.3935,-0.3836,-0.8753,1.475,2.525
212,703.1127,-0.7668,-2.642,1.475,2.525
213,12878.6858,-2.1501,-0.4236,1.475,2.525
214,17353.3618,-0.6504,-0.311,1.475,2.525
215,15570.9918,-0.4533,-0.9797,1.475,2.525
216,16721.018,-0.389,-0.8716,1.475,2.525
217,20549.8521,-0.935,0.4322,1.475,2.525
218,4627.5243,-1.6761,-1.6872,1.475,2.525
219,18486.993,-0.6879,-0.277,1.475,2.525
220,16646.9055,-0.8478,-0.2136,1.475,2.525
221,9017.2871,-0.4717,-2.0982,1.475,2.525
222,18694.5698,-0.9486,-0.0156,1.475,2.525
223,16294.6402,-0.4434,-0.9548,1.475,2.525
224,16101.8926,-1.6002,0.1029,1.475,2.525
225,16714.6519,-1.6067,0.1671,1.475,2.525
226,9055.975,-2.2063,-0.3619,1.475,2.525
227,17666.123,-0.9539,0.0468,1.475,2.525
228,1653.4417,-2.2817,-1.5172,1.475,2.525
229,18083.1294,-0.9235,-0.0562,1.475,2.525
230,11759.5156,-1.8358,-0.4022,1.475,2.525
231,18288.5129,-0.9514,0.1002,1.475,2.525
232,15374.5075,-1.6206,-0.1625,1.475,2.525
233,3198.0546,-2.0627,-1.535,1.475,2.525
234,16844.3313,-0.8071,-0.2641,1.475,2.525
235,45321.1049,1.0322,2.466,1.475,2.525
236,17457.9099,-0.7794,-0.2793,1.475,2.525
237,18781.9246,-0.9312,-0.104,1.475,2.525
238,22273.4667,-0.4877,-0.3335,1.475,2.525
239,17769.12,-0.795,-0.259,1.475,2.525
240,20756.0856,-0.9288,0.4635,1.475,2.525
241,1447.5335,-2.3428,-1.5168,1.475,2.525
242,2993.9044,-2.13,-1.5252,1.475,2.525
243,9806.0911,-2.052,-0.4383,1.475,2.525
244,12580.8719,-1.8509,-0.4152,1.475,2.525
245,35196.5436,0.7587,0.8258,1.475,2.525
246,3403.9996,-2.0238,-1.5233,1.475,2.525
247,2169.5507,-2.1978,-1.5341,1.475,2.525
248,10791.2545,-0.4448,-1.5151,1.475,2.525
249,27136.1706,1.1386,-0.355,1.475,2.525
250,17112.2724,-0.4733,-1.0851,1.475,2.525
251,15244.4256,-0.4806,-1.3737,1.475,2.525
252,26855.2558,1.0943,-0.3711,1.475,2.525
253,23223.7802,-0.1552,-0.0502,1.475,2.525
254,17657.5354,-0.8272,-0.225,1.475,2.525
255,20108.6038,-0.1296,-0.8077,1.475,2.525
256,4882.0786,-1.7352,-1.6102,1.475,2.525
257,16184.1672,-0.4744,-1.1047,1.475,2.525
258,17875.3045,-0.656,-0.3212,1.475,2.525
259,17771.252,-0.9225,-0.1337,1.475,2.525
260,7361.193,-0.4595,-1.6366,1.475,2.525
261,15259.6598,-0.4771,-1.0949,1.475,2.525
262,18592.5015,-0.7098,-0.3069,1.475,2.525
263,30802.048,1.0711,-0.4433,1.475,2.525
264,30552.3274,1.3927,0.0469,1.475,2.525
265,21694.0603,-0.9584,0.554,1.475,2.525
266,24391.3242,1.0299,-0.3977,1.475,2.525
267,3095.1984,-2.1318,-1.5384,1.475,2.525
268,16549.5096,-0.9425,0.0804,1.475,2.525
269,20159.4984,0.3712,-1.1373,1.475,2.525
270,17350.2423,-0.8718,-0.1986,1.475,2.525
271,17116.0552,-0.4809,-1.1351,1.475,2.525
272,18084.7517,-0.9554,0.0401,1.475,2.525
273,11232.1043,-2.2902,-0.3554,1.475,2.525
274,32497.9833,0.822,0.3712,1.475,2.525
275,20016.9335,-0.9116,-0.0945,1.475,2.525
276,18177.492,-0.5879,-0.3188,1.475,2.525
277,35186.4493,0.7938,0.8678,1.475,2.525
278,4123.8037,-2.0551,-1.5504,1.475,2.525
279,19333.3242,-0.1401,-0.7512,1.475,2.525
280,40541.836,1.1553,1.2167,1.475,2.525
281,17659.1253,-0.7784,-0.277,1.475,2.525
282,39124.113,1.083,1.3099,1.475,2.525
283,18077.2244,-0.6769,-0.321,1.475,2.525
284,12540.7522,-0.4668,-1.4894,1.475,2.525
285,27509.6121,0.9586,-0.5122,1.475,2.525
286,15142.735,-0.4775,-1.3474,1.475,2.525
287,31641.4257,1.3374,0.0593,1.475,2.525
288,17462.5751,-0.793,-0.2594,1.475,2.525
289,10437.2957,-1.7805,-0.3706,1.475,2.525
290,18073.6235,-0.5936,-0.3227,1.475,2.525
291,10208.5784,-2.2074,-0.4151,1.475,2.525
292,16083.4051,-0.4728,-1.0756,1.475,2.525
293,17153.0867,-0.7733,-0.2554,1.475,2.525
294,2477.2779,-2.1868,-1.5361,1.475,2.525
295,1793.9153,-2.3273,-1.5021,1.475,2.525
296,16290.5144,-0.4576,-1.034,1.475,2.525
297,2993.2633,-2.1055,-1.5355,1.475,2.525
298,2168.7419,-2.2522,-1.5281,1.475,2.525
299,18599.0093,-0.9365,0.0611,1.475,2.525
300,19201.5811,-0.5837,-0.3311,1.475,2.525
301,19614.1171,-0.4807,-0.3288,1.475,2.525
302,17170.3726,-0.9362,0.0807,1.475,2.525
303,9900.1304,-2.1831,-0.4242,1.475,2.525
304,18370.5102,-0.7314,-0.3024,1.475,2.525
305,18899.6017,-0.9411,0.0621,1.475,2.525
306,19110.6353,-0.9301,0.0809,1.475,2.525
307,20143.9907,-0.9384,0.3111,1.475,2.525
308,19196.5992,-0.2672,-0.7809,1.475,2.525
309,3404.1341,-2.0997,-1.5131,1.475,2.525
310,10616.7275,-2.2212,-0.4072,1.475,2.525
311,15769.7944,-0.473,-1.1774,1.475,2.525
312,18273.5559,-0.8484,-0.2311,1.475,2.525
313,17968.339,-0.5515,-0.3372,1.475,2.525
314,11963.8212,-1.9158,-0.4285,1.475,2.525
315,1550.6656,-2.3029,-1.5211,1.475,2.525
316,23008.9251,-0.2728,-0.2703,1.475,2.525
317,15776.6652,-0.4568,-1.0465,1.475,2.525
318,12783.0201,-1.8925,-0.4221,1.475,2.525
319,19824.7475,-0.9515,0.0877,1.475,2.525
320,20025.5744,-0.9328,0.0824,1.475,2.525
321,30661.0601,0.7538,0.4519,1.475,2.525
322,19201.0952,-0.9435,0.0435,1.475,2.525
323,20124.1738,-0.5379,-0.337,1.475,2.525
324,4457.1536,-1.8025,-1.5897,1.475,2.525
325,11131.0937,-2.2651,-0.3756,1.475,2.525
326,17155.2357,-0.7077,-0.3107,1.475,2.525
327,17733.7731,-0.4551,-1.0015,1.475,2.525
328,16540.1246,-0.8065,-0.2556,1.475,2.525
329,12266.6786,-2.098,-0.4279,1.475,2.525
330,31469.4083,0.8342,0.365,1.475,2.525
331,3713.2461,-2.0789,-1.523,1.475,2.525
332,16190.2307,-0.4633,-1.0322,1.475,2.525
333,19521.8658,-0.9247,0.2536,1.475,2.525
334,3508.2912,-2.1387,-1.5306,1.475,2.525
335,2991.8947,-2.0928,-1.5566,1.475,2.525
336,15887.7798,-0.4853,-1.2406,1.475,2.525
337,20802.3508,-0.5604,-0.3309,1.475,2.525
338,17006.8971,-0.4659,-1.1245,1.475,2.525
339,40258.5049,1.0782,1.3176,1.475,2.525
340,16542.6947,-0.8599,-0.2217,1.475,2.525
341,4021.5147,-2.0192,-1.5106,1.475,2.525
342,19004.3425,-0.7023,-0.3153,1.475,2.525
343,20431.2955,-0.2093,-0.8002,1.475,2.525
344,22596.1264,-0.269,-0.2701,1.475,2.525
345,33733.8534,0.7556,0.4506,1.475,2.525
346,17012.2449,-0.462,-1.0134,1.475,2.525
347,34806.4154,-0.2794,1.3303,1.475,2.525
348,16905.4234,-0.4411,-1.1185,1.475,2.525
349,12888.1756,-1.8903,-0.4239,1.475,2.525
350,11566.2024,-1.7743,-0.3849,1.475,2.525
351,32706.1864,0.8578,0.3463,1.475,2.525
352,15328.8153,-1.5997,0.1789,1.475,2.525
353,39688.807,0.7251,2.5999,1.475,2.525
354,18461.2029,-0.3755,-0.9189,1.475,2.525
355,18286.5147,-0.9541,0.0476,1.475,2.525
356,19812.7171,-0.8408,-0.2186,1.475,2.525
357,30723.2915,1.252,0.1166,1.475,2.525
358,13599.6622,-1.9262,-0.4219,1.475,2.525
359,9366.133,-0.4788,-1.3208,1.475,2.525
360,38595.2821,0.9149,1.0194,1.475,2.525
361,11553.907,-1.896,-0.4106,1.475,2.525
362,18168.6089,-0.8751,-0.186,1.475,2.525
363,20320.8329,-0.6349,-0.3375,1.475,2.525
364,9038.9454,-2.0139,-0.4382,1.475,2.525
365,18284.2451,-0.6287,-0.3205,1.475,2.525
366,11131.2071,-2.1917,-0.4134,1.475,2.525
367,17006.0993,-0.4565,-1.2157,1.475,2.525
368,1653.7968,-2.2965,-1.5231,1.475,2.525
369,32094.7543,0.8659,0.3416,1.475,2.525
370,16512.8096,-0.4494,-0.998,1.475,2.525
371,17361.1139,-0.8495,-0.2172,1.475,2.525
372,25435.1266,-1.5596,1.9794,1.475,2.525
373,22296.3634,-0.2423,-0.1925,1.475,2.525
374,3815.9562,-2.057,-1.54,1.475,2.525
375,4124.3461,-1.9277,-1.5571,1.475,2.525
376,19507.6192,-0.6147,-0.331,1.475,2.525
377,21372.5716,-0.2456,-0.2532,1.475,2.525
378,12690.4229,-1.8517,-0.368,1.475,2.525
379,11347.5169,-2.0154,-0.4254,1.475,2.525
380,32719.7302,0.7798,0.4088,1.475,2.525
381,1241.596,-2.3759,-1.5092,1.475,2.525
382,19818.0135,-0.5738,-0.3261,1.475,2.525
383,20959.4208,-0.3428,-0.2699,1.475,2.525
384,11136.8262,-1.9725,-0.4399,1.475,2.525
385,30426.0724,-0.1035,0.4175,1.475,2.525
386,30347.896,0.8804,0.3374,1.475,2.525
387,13712.2057,-1.9423,-0.4177,1.475,2.525
388,20631.6433,-0.8488,-0.2205,1.475,2.525
389,40372.9626,1.0107,1.5795,1.475,2.525
390,20145.1896,-0.2932,-0.2268,1.475,2.525
391,30188.2091,1.3391,0.0552,1.475,2.525
392,19304.6162,-0.9289,-0.0387,1.475,2.525
393,18590.9528,-0.9074,-0.1414,1.475,2.525
394,17152.5414,-0.772,-0.2786,1.475,2.525
395,16846.7441,-0.7789,-0.2648,1.475,2.525
396,21792.5395,-0.9355,0.4381,1.475,2.525
397,19406.8346,-0.4763,-0.3359,1.475,2.525
398,21581.5604,-0.2548,-0.2041,1.475,2.525
399,19907.0928,-0.8383,-0.2226,1.475,2.525
400,30035.9258,0.8807,0.3319,1.475,2.525
401,10027.0968,-2.0486,-0.4294,1.475,2.525
402,32806.9402,0.8233,0.3817,1.475,2.525
403,13201.7947,-1.7647,-0.3477,1.475,2.525
404,47990.3475,1.1208,2.1874,1.475,2.525
405,21030.0629,-0.3397,-0.8169,1.475,2.525
406,16945.8456,-0.836,-0.24,1.475,2.525
407,32084.8189,0.9101,0.319,1.475,2.525
408,23112.801,-0.2593,-0.2661,1.475,2.525
409,18085.9367,-0.9404,0.0969,1.475,2.525
410,33535.3181,0.7431,0.4751,1.475,2.525
411,18069.7282,-0.9366,-0.0368,1.475,2.525
412,21777.5225,-0.9425,0.1188,1.475,2.525
413,23094.827,-0.4896,-0.3245,1.475,2.525
414,34487.086,0.8003,0.7889,1.475,2.525
415,16234.4988,-0.9086,-0.1498,1.475,2.525
416,22392.036,-0.9265,0.2831,1.475,2.525
417,31992.537,0.8102,0.3847,1.475,2.525
418,17152.1603,-0.774,-0.2802,1.475,2.525
419,5460.748,-1.8307,-1.5788,1.475,2.525
420,10137.8521,-2.0374,-0.4323,1.475,2.525
421,35520.7432,0.7566,0.6912,1.475,2.525
422,38193.7929,0.9298,1.0331,1.475,2.525
423,17311.5727,-0.4729,-1.1976,1.475,2.525
424,18996.1984,-0.6048,-0.3359,1.475,2.525
425,17941.839,-0.4156,-0.9027,1.475,2.525
426,38220.5223,0.9865,0.2761,1.475,2.525
427,31977.4013,0.9881,0.2672,1.475,2.525
428,3816.8379,-2.1363,-1.5151,1.475,2.525
429,2992.9988,-2.1279,-1.5138,1.475,2.525
430,3713.0689,-2.0317,-1.5188,1.475,2.525
431,17115.1972,-0.4529,-0.9925,1.475,2.525
432,16897.3844,-0.4527,-1.2701,1.475,2.525
433,21678.4427,-0.3825,-0.3198,1.475,2.525
434,33732.9483,1.0331,0.2463,1.475,2.525
435,33620.7581,1.0181,0.252,1.475,2.525
436,33123.9692,0.8606,0.3492,1.475,2.525
437,19004.7294,-0.509,-0.3311,1.475,2.525
438,16606.0562,-0.39,-0.9002,1.475,2.525
439,24245.7754,-0.1421,-0.1342,1.475,2.525
440,15529.1884,-0.3837,-0.9666,1.475,2.525
441,52107.6523,1.0899,2.4393,1.475,2.525
442,21991.8689,-0.2807,-0.2082,1.475,2.525
443,18792.7428,-0.8161,-0.2414,1.475,2.525
444,34863.7826,0.873,0.3281,1.475,2.525
445,10126.6616,-0.4702,-1.4351,1.475,2.525
446,17524.1021,-0.4788,-1.1071,1.475,2.525
447,17867.0778,-0.8827,-0.1808,1.475,2.525
448,16892.9715,-0.4602,-1.314,1.475,2.525
449,17765.0622,-0.8054,-0.2506,1.475,2.525
450,14043.229,-0.4655,-1.3343,1.475,2.525
451,34171.801,0.7474,0.7444,1.475,2.525
452,36514.7892,0.7093,0.6652,1.475,2.525
453,3405.1511,-2.0277,-1.5366,1.475,2.525
454,16393.3502,-0.4776,-1.079,1.475,2.525
455,34135.7179,1.0221,0.2492,1.475,2.525
456,30031.362,0.9357,-0.4989,1.475,2.525
457,34342.2333,0.9589,0.2781,1.475,2.525
458,32413.7932,0.7093,0.6419,1.475,2.525
459,17339.6083,-0.4125,-0.9261,1.475,2.525
460,32402.7736,0.7788,0.4148,1.475,2.525
461,1756.7063,-2.2769,-1.5219,1.475,2.525
462,2890.8929,-2.0927,-1.527,1.475,2.525
463,34236.2396,1.1748,0.1607,1.475,2.525
464,16640.204,-0.8578,-0.2128,1.475,2.525
465,17009.1182,-0.4618,-1.1942,1.475,2.525
466,20521.0056,-0.1284,-0.799,1.475,2.525
467,17677.0116,-0.8118,-0.2348,1.475,2.525
468,32295.7376,0.8398,0.3658,1.475,2.525
469,17558.4022,-0.8348,-0.2421,1.475,2.525
470,17533.0126,-0.4197,-0.9165,1.475,2.525
471,33316.0818,0.8542,0.3477,1.475,2.525
472,1550.5559,-2.2868,-1.53,1.475,2.525
473,33530.7243,0.986,0.2688,1.475,2.525
474,19518.8583,-0.9315,0.1304,1.475,2.525
475,24149.7588,-0.1873,-0.1482,1.475,2.525
476,16532.9474,-0.8529,-0.2277,1.475,2.525
477,16273.3224,-0.4612,-1.4021,1.475,2.525
478,21896.3349,-0.2536,-0.1814,1.475,2.525
479,11788.6785,-0.4713,-1.5988,1.475,2.525
480,10018.4026,-1.9498,-0.4251,1.475,2.525
481,17969.2768,-0.8683,-0.191,1.475,2.525
482,18150.6888,-0.3841,-0.9194,1.475,2.525
483,44367.2025,1.0563,1.3628,1.475,2.525
484,16903.1191,-0.4702,-1.1738,1.475,2.525
485,34366.3995,0.7617,0.7509,1.475,2.525
486,17868.4743,-0.6252,-0.3101,1.475,2.525
487,17212.9262,-0.4706,-1.1471,1.475,2.525
488,34728.8145,0.7762,0.443,1.475,2.525
489,3816.141,-2.0321,-1.5239,1.475,2.525
490,18174.0763,-0.8931,-0.1539,1.475,2.525
491,16507.3059,-0.4847,-1.0859,1.475,2.525
492,21688.5518,-0.9442,0.2316,1.475,2.525
493,35705.2984,0.7036,0.6719,1.475,2.525
494,41169.0901,1.0595,1.3265,1.475,2.525
495,25589.1071,-0.1444,0.0145,1.475,2.525
496,20750.9454,-0.3363,-0.2916,1.475,2.525
497,33713.0465,1.1159,0.2127,1.475,2.525
498,18681.7359,-0.7623,-0.2863,1.475,2.525
499,44206.9541,1.0392,1.6035,1.475,2.525
500,17742.4924,-0.386,-0.8868,1.475,2.525
501,30856.4204,-0.1022,0.4796,1.475,2.525
502,16804.0618,-0.4746,-1.1134,1.475,2.525
503,18049.9905,-0.4168,-0.9183,1.475,2.525
504,18668.0993,-0.3449,-0.8375,1.475,2.525
505,16931.683,-0.4687,-1.3819,1.475,2.525
506,47947.9224,0.6493,2.5967,1.475,2.525
507,32814.4858,0.8264,0.3873,1.475,2.525
508,15655.8568,-0.4823,-1.3595,1.475,2.525
509,16953.3387,-0.939,-0.0817,1.475,2.525
510,20023.2479,-0.5894,-0.328,1.475,2.525
511,31520.7204,0.7866,0.3996,1.475,2.525
512,41988.9592,0.3068,2.1197,1.475,2.525
513,36194.1304,0.8315,0.3842,1.475,2.525
514,19490.3856,-0.2899,-0.877,1.475,2.525
515,20631.0254,-0.1779,-0.7879,1.475,2.525
516,19271.8541,-0.4784,-1.1573,1.475,2.525
517,33835.0749,0.9216,0.3011,1.475,2.525
518,20002.6573,-0.2634,-0.8403,1.475,2.525
519,3764.9054,-1.8092,-1.6331,1.475,2.525
520,15760.8033,-0.4208,-1.0186,1.475,2.525
521,36088.1297,1.0492,0.2311,1.475,2.525
522,4228.9107,-2.0699,-1.4956,1.475,2.525
523,18352.0344,-0.4079,-0.9188,1.475,2.525
524,18564.22,-0.3244,-0.8398,1.475,2.525
525,18692.8971,-0.9412,-0.05,1.475,2.525
526,17341.531,-0.4145,-0.9051,1.475,2.525
527,32095.7929,0.8443,0.3733,1.475,2.525
528,34788.887,0.7393,0.7511,1.475,2.525
529,43432.3196,1.0816,1.3363,1.475,2.525
530,22913.3131,-0.1581,-0.1391,1.475,2.525
531,43121.0004,0.2775,1.908,1.475,2.525
532,34870.3189,0.841,0.3553,1.475,2.525
533,41981.6673,0.3075,2.1391,1.475,2.525
534,50336.1575,0.8706,2.6233,1.475,2.525
535,34563.7008,1.254,0.1201,1.475,2.525
536,36343.9822,0.7371,0.7602,1.475,2.525
537,17055.6699,-0.9185,-0.0965,1.475,2.525
538,19693.8009,-0.2876,-0.8201,1.475,2.525
539,19614.4227,-0.8127,-0.2551,1.475,2.525
540,34547.8653,0.7839,0.4106,1.475,2.525
541,17150.269,-0.8074,-0.2533,1.475,2.525
542,14278.5199,-0.4777,-1.4624,1.475,2.525
543,16597.6151,-0.4786,-1.1199,1.475,2.525
544,19070.0317,-0.4654,-1.0336,1.475,2.525
545,43364.6894,0.2977,2.337,1.475,2.525
546,17870.7413,-0.6746,-0.3298,1.475,2.525
547,20007.2454,-0.2535,-0.7864,1.475,2.525
548,21381.4683,-0.9478,0.1121,1.475,2.525
549,41804.8123,1.0195,1.6016,1.475,2.525
550,20037.4886,-0.3979,-0.3128,1.475,2.525
551,42514.0827,1.0011,1.5187,1.475,2.525
552,19522.0971,-0.4679,-0.3224,1.475,2.525
553,21040.1191,-0.6711,-0.3244,1.475,2.525
554,36819.9826,0.7007,0.6607,1.475,2.525
555,32497.4529,0.9223,0.303,1.475,2.525
556,44276.6544,0.3088,2.6585,1.475,2.525
557,34463.4963,0.7456,0.4716,1.475,2.525
558,17875.5242,-0.8779,-0.1777,1.475,2.525
559,34788.183,0.7269,0.6753,1.475,2.525
560,35700.1354,0.7168,0.6871,1.475,2.525
561,18353.4458,-0.3032,-0.9003,1.475,2.525
562,37388.0485,0.7179,0.7597,1.475,2.525
563,43437.8005,1.0202,1.4401,1.475,2.525
564,16833.5813,-0.7682,-0.2901,1.475,2.525
565,29201.6127,0.8843,-0.5707,1.475,2.525
566,15759.6302,-0.4627,-1.3738,1.475,2.525
567,18795.4621,-0.8054,-0.2466,1.475,2.525
568,19000.02,-0.3508,-0.3112,1.475,2.525
569,18286.4194,-0.9295,-0.025,1.475,2.525
570,40565.1292,1.0948,1.3516,1.475,2.525
571,18490.2542,-0.3287,-0.8179,1.475,2.525
572,33860.4535,0.8619,0.355,1.475,2.525
573,20018.0643,-0.5979,-0.3295,1.475,2.525
574,31987.3417,1.0629,0.2204,1.475,2.525
575,16779.1812,-0.477,-1.5748,1.475,2.525
576,31419.7782,0.9279,0.2965,1.475,2.525
577,52101.7523,1.0193,2.5516,1.475,2.525
578,19997.3679,-0.3491,-0.8828,1.475,2.525
579,18590.5813,-0.7153,-0.3027,1.475,2.525
580,18901.3758,-0.4553,-0.3217,1.475,2.525
581,54048.2913,1.0261,2.6015,1.475,2.525
582,46968.2183,1.0272,2.5428,1.475,2.525
583,32194.2314,0.9612,0.2773,1.475,2.525
584,40228.5139,1.1484,1.236,1.475,2.525
585,27186.2419,-0.0954,0.3477,1.475,2.525
586,32697.7626,0.9494,0.2868,1.475,2.525
587,36186.9458,0.8428,0.9037,1.475,2.525
588,18041.5317,-0.4669,-1.0805,1.475,2.525
589,18668.3595,-0.3689,-0.9061,1.475,2.525
590,17119.806,-0.4454,-0.9564,1.475,2.525
591,19518.8405,-0.5319,-0.3253,1.475,2.525
592,17629.7231,-0.4718,-1.0646,1.475,2.525
593,21060.3446,-0.3756,-0.3106,1.475,2.525
594,35880.1313,1.1407,0.2067,1.475,2.525
595,18189.0847,-0.3788,-0.9215,1.475,2.525
596,20758.1929,-0.242,-0.246,1.475,2.525
597,47682.8978,0.9703,2.614,1.475,2.525
598,33435.0128,0.7749,0.4325,1.475,2.525
599,45838.0024,0.3564,2.6044,1.475,2.525
600,17144.4254,-0.803,-0.2656,1.475,2.525
601,38072.9237,0.8875,0.9485,1.475,2.525
602,16734.9963,-0.7562,-0.2924,1.475,2.525
603,18490.2576,-0.738,-0.2872,1.475,2.525
604,51656.0506,1.0335,2.5854,1.475,2.525
605,17008.3495,-0.4658,-1.1196,1.475,2.525
606,51604.8413,0.8897,2.5936,1.475,2.525
607,47717.0373,1.0517,2.4479,1.475,2.525
608,19109.2272,-0.5058,-0.3252,1.475,2.525
609,17759.6895,-0.8249,-0.2467,1.475,2.525
610,16638.4778,-0.8344,-0.2236,1.475,2.525
611,18907.9326,-0.4753,-0.2918,1.475,2.525
612,19325.4973,-0.8518,-0.2308,1.475,2.525
613,2579.8375,-2.1592,-1.5413,1.475,2.525
614,33212.6097,0.9049,0.3204,1.475,2.525
615,49090.5816,1.0272,2.4975,1.475,2.525
616,46150.1817,0.7361,2.602,1.475,2.525
617,48941.8756,0.8629,2.5908,1.475,2.525
618,15584.1668,-0.4716,-1.1279,1.475,2.525
619,16392.0757,-0.4376,-1.0862,1.475,2.525
620,56636.7376,1.064,2.5252,1.475,2.525
621,48320.3733,1.003,2.6109,1.475,2.525
622,49437.7949,1.0403,2.5778,1.475,2.525
623,18592.7934,-0.7811,-0.264,1.475,2.525
624,32397.0181,0.9586,0.2927,1.475,2.525
625,4639.462,-1.855,-1.5502,1.475,2.525
626,34976.3235,0.7281,0.5333,1.475,2.525
627,46774.4444,0.7389,2.5911,1.475,2.525
628,51683.04,1.0299,2.5968,1.475,2.525
629,16599.2365,-0.4789,-1.0996,1.475,2.525
630,20663.9843,-0.9162,0.1557,1.475,2.525
631,18801.2978,-0.3558,-0.3075,1.475,2.525
632,16299.4726,-0.4527,-1.5395,1.475,2.525
633,4123.4974,-2.0324,-1.5357,1.475,2.525
634,16487.902,-0.4671,-1.2266,1.475,2.525
635,4432.9183,-1.8847,-1.5591,1.475,2.525
636,15509.8835,-0.474,-1.3975,1.475,2.525
637,19864.5513,0.0255,-0.8002,1.475,2.525
638,16726.3356,-0.4352,-1.0564,1.475,2.525
639,19493.7811,-0.2092,-0.8089,1.475,2.525
640,22371.4649,-0.0616,-0.7946,1.475,2.525
641,49629.5843,1.0202,2.3333,1.475,2.525
642,51871.626,0.7317,2.63,1.475,2.525
643,33423.0299,0.8688,0.3387,1.475,2.525
644,20821.0666,-0.4061,-0.9087,1.475,2.525
645,50635.4879,0.8293,2.6016,1.475,2.525
646,50982.1122,0.867,2.6562,1.475,2.525
647,17198.9614,-0.2988,-0.8082,1.475,2.525
648,2065.2597,-2.2399,-1.5197,1.475,2.525
649,3094.858,-2.0679,-1.5368,1.475,2.525
650,42606.2197,0.2097,1.7754,1.475,2.525
651,47717.1386,0.9862,2.6158,1.475,2.525
652,52804.0251,0.9765,2.4969,1.475,2.525
653,31264.2494,0.9171,0.3015,1.475,2.525
654,19733.068,-0.4417,-0.2947,1.475,2.525
655,18149.1413,-0.409,-0.967,1.475,2.525
656,50342.7192,0.9266,2.5959,1.475,2.525
657,19386.2941,-0.3554,-0.8512,1.475,2.525
658,2786.478,-2.159,-1.5268,1.475,2.525
659,50425.6144,0.7598,2.6009,1.475,2.525
660,17441.9376,-0.4661,-1.1498,1.475,2.525
661,32078.9794,-0.1266,0.7536,1.475,2.525
662,19798.8757,-0.3856,-0.8785,1.475,2.525
663,45551.3479,0.7332,2.6127,1.475,2.525
664,52806.5706,0.9883,2.5946,1.475,2.525
665,50963.2885,0.727,2.6096,1.475,2.525
666,41093.8844,0.165,1.7351,1.475,2.525
667,55387.3829,0.8103,2.6104,1.475,2.525
668,51158.866,0.9767,2.5026,1.475,2.525
669,23339.0614,-0.1321,-0.0433,1.475,2.525
670,42075.8371,0.1065,1.6973,1.475,2.525
671,37045.1241,0.1022,1.6863,1.475,2.525
672,47856.9982,0.52,2.6122,1.475,2.525
673,34061.0941,0.798,0.4542,1.475,2.525
674,24986.4983,-0.1635,-0.0316,1.475,2.525
675,16453.4503,-0.4113,-1.0163,1.475,2.525
676,20130.6719,-0.5626,-0.3267,1.475,2.525
677,47355.1043,0.7821,2.5992,1.475,2.525
678,50277.0351,0.7998,2.5968,1.475,2.525
679,21786.1585,-0.216,-0.2167,1.475,2.525
680,18668.6383,-0.3688,-0.9064,1.475,2.525
681,32198.2735,0.9598,0.2822,1.475,2.525
682,4947.6531,-1.96,-1.552,1.475,2.525
683,3611.0346,-2.0145,-1.5322,1.475,2.525
684,40685.4795,0.1329,1.704,1.475,2.525
685,48686.8024,0.9347,2.6035,1.475,2.525
686,11792.0078,-0.4615,-1.3502,1.475,2.525
687,15597.8446,-0.4675,-1.3291,1.475,2.525
688,15674.5325,-0.4603,-1.0047,1.475,2.525
689,17880.0313,-0.9313,-0.075,1.475,2.525
690,16285.5822,-0.4797,-1.1579,1.475,2.525
691,17318.2551,-0.4659,-1.1296,1.475,2.525
692,17779.6596,-0.8861,-0.175,1.475,2.525
693,16316.0979,-0.427,-1.3257,1.475,2.525
694,3917.7762,-2.0032,-1.5359,1.475,2.525
695,12419.3533,-0.4502,-1.354,1.475,2.525
696,42397.0879,0.2157,1.8287,1.475,2.525
697,18042.4528,-0.3747,-0.9131,1.475,2.525
698,50978.8086,0.853,2.6015,1.475,2.525
699,13883.6847,-0.4395,-1.429,1.475,2.525
700,55086.2641,0.9753,2.5948,1.475,2.525
701,21484.2262,-0.8991,0.4127,1.475,2.525
702,21481.3077,-0.2382,-0.2082,1.475,2.525
703,50126.3444,0.9791,2.4861,1.475,2.525
704,49107.4334,0.8822,2.6087,1.475,2.525
705,17869.1652,-0.478,-1.1131,1.475,2.525
706,9930.9834,-0.4826,-1.9151,1.475,2.525
707,49724.9182,0.8873,2.6014,1.475,2.525
708,20744.5664,-0.1178,-0.788,1.475,2.525
709,56803.7736,0.8583,2.6165,1.475,2.525
710,50486.8292,0.8668,2.5988,1.475,2.525
711,14947.0933,-0.4721,-1.2718,1.475,2.525
712,51325.4367,0.7445,2.603,1.475,2.525
713,26123.4362,-0.9393,0.7807,1.475,2.525
714,31721.1,0.9114,0.3251,1.475,2.525
715,50581.835,0.9858,2.6141,1.475,2.525
716,17767.9216,-0.8718,-0.1977,1.475,2.525
717,49213.5014,0.9386,2.6011,1.475,2.525
718,52932.7401,0.9842,2.6086,1.475,2.525
719,17325.6342,-0.4288,-0.963,1.475,2.525
720,13820.2315,-0.4719,-1.6015,1.475,2.525
721,29769.616,0.762,0.4459,1.475,2.525
722,17885.9345,-0.2952,-0.8578,1.475,2.525
723,51562.3955,0.9814,2.5571,1.475,2.525
724,4374.6221,-1.5475,-1.9822,1.475,2.525
725,15616.8249,-0.4786,-1.157,1.475,2.525
726,50860.3426,0.9448,2.597,1.475,2.525
727,50763.6692,0.9049,2.6172,1.475,2.525
728,39939.7249,0.1562,1.7158,1.475,2.525
729,52979.4576,0.7993,2.5979,1.475,2.525
730,17873.322,-0.9238,-0.1138,1.475,2.525
731,16593.9486,-0.4691,-1.1928,1.475,2.525
732,50570.5597,0.9808,2.5572,1.475,2.525
733,17111.2143,-0.4772,-1.0902,1.475,2.525
734,41353.2036,0.0838,1.6876,1.475,2.525
735,19696.7409,-0.3426,-0.8335,1.475,2.525
736,14925.1088,-0.4397,-0.9843,1.475,2.525
737,19830.7312,-0.3919,-0.3229,1.475,2.525
738,12907.0328,-0.4651,-1.4876,1.475,2.525
739,2993.2453,-2.1363,-1.5346,1.475,2.525
740,38496.7514,0.0001,1.6472,1.475,2.525
741,17685.421,-0.3522,-0.9288,1.475,2.525
742,19813.7424,-0.6986,-0.3131,1.475,2.525
743,33450.0035,1.7422,-0.161,1.475,2.525
744,5665.9442,-1.895,-1.5527,1.475,2.525
745,4638.479,-2.1256,-1.5518,1.475,2.525
746,34951.6809,-0.0615,1.6447,1.475,2.525
747,19628.9371,-0.4942,-0.3322,1.475,2.525
748,32441.5518,0.8781,0.3402,1.475,2.525
749,19000.6834,-0.3139,-0.2973,1.475,2.525
750,20654.3967,-0.917,0.2926,1.475,2.525
751,17347.4552,-0.4573,-1.0326,1.475,2.525
752,40428.2667,0.2648,2.335,1.475,2.525
753,5463.8862,-1.8885,-1.5331,1.475,2.525
754,17530.2838,-0.4691,-1.055,1.475,2.525
755,2271.457,-2.2639,-1.5423,1.475,2.525
756,53021.1866,0.8134,2.6208,1.475,2.525
757,13153.5165,-0.4635,-1.3775,1.475,2.525
758,14109.1135,-0.4751,-1.2425,1.475,2.525
759,19162.5452,-0.466,-1.1006,1.475,2.525
760,37869.1368,0.1474,1.7078,1.475,2.525
761,12698.9036,-0.4751,-1.2085,1.475,2.525
762,12625.9489,-0.4618,-1.7912,1.475,2.525
763,17356.0914,-0.4384,-0.9375,1.475,2.525
764,18381.2799,-0.6408,-0.3148,1.475,2.525
765,37752.7732,-0.0491,1.6419,1.475,2.525
766,5359.7573,-1.9059,-1.5567,1.475,2.525
767,3609.4089,-2.083,-1.55,1.475,2.525
768,15425.0616,-0.4427,-1.3173,1.475,2.525
769,15743.2719,-0.4573,-1.0393,1.475,2.525
770,24943.5898,0.9309,-0.5414,1.475,2.525
771,2887.543,-2.2255,-1.557,1.475,2.525
772,3198.4193,-2.1479,-1.5366,1.475,2.525
773,23020.6203,-0.1393,-0.0284,1.475,2.525
774,39495.1508,-0.1857,1.2192,1.475,2.525
775,12021.7372,-0.4728,-1.8919,1.475,2.525
776,1859.2506,-2.2952,-1.5153,1.475,2.525
777,18166.9599,-0.3022,-0.8261,1.475,2.525
778,17301.7608,-0.4615,-1.4747,1.475,2.525
779,19309.455,-0.8277,-0.2393,1.475,2.525
780,26203.8785,0.7786,-0.8584,1.475,2.525
781,44429.9182,0.1922,1.7625,1.475,2.525
782,4301.1474,-0.4823,-1.8862,1.475,2.525
783,15934.5357,-0.4654,-1.0814,1.475,2.525
784,4227.9789,-1.8824,-1.5467,1.475,2.525
785,3404.8696,-2.1004,-1.5236,1.475,2.525
786,42263.6599,-0.1787,1.6481,1.475,2.525
787,19415.2109,-0.4337,-0.3259,1.475,2.525
788,19387.5544,-0.1854,-0.8068,1.475,2.525
789,16447.3981,-0.4634,-1.2038,1.475,2.525
790,35009.8319,0.9368,0.2989,1.475,2.525
791,16612.9827,-0.4577,-1.1785,1.475,2.525
792,38389.5447,-0.0731,1.6455,1.475,2.525
793,16969.2842,-0.4318,-0.9625,1.475,2.525
794,15291.2088,-0.4746,-1.208,1.475,2.525
795,3925.9034,-2.1116,-1.4953,1.475,2.525
796,50853.7451,0.9374,2.6074,1.475,2.525
797,-3619.6267,-0.2024,-2.6479,1.475,2.525
798,10349.0316,-0.4709,-1.9537,1.475,2.525
799,18187.8385,-0.6915,-0.3143,1.475,2.525
800,3403.5955,-2.0799,-1.5508,1.475,2.525
801,19721.0582,-0.3812,-0.32,1.475,2.525
802,2991.7356,-2.177,-1.5264,1.475,2.525
803,2475.7348,-2.3103,-1.5454,1.475,2.525
804,19722.9254,-0.3339,-0.3112,1.475,2.525
805,2889.0238,-2.1055,-1.5195,1.475,2.525
806,38049.6844,-0.2552,1.6456,1.475,2.525
807,19709.001,-0.6394,-0.3204,1.475,2.525
808,41281.3451,0.0327,1.6501,1.475,2.525
809,19591.0944,-0.4178,-0.9253,1.475,2.525
810,20148.7475,-0.9228,-0.0691,1.475,2.525
811,17845.904,-0.2891,-0.8316,1.475,2.525
812,3405.603,-2.0366,-1.5252,1.475,2.525
813,14803.2504,-0.4713,-1.3221,1.475,2.525
814,16798.58,-0.4529,-1.1721,1.475,2.525
815,19737.1564,-0.9213,0.3451,1.475,2.525
816,33111.5978,-0.1162,0.9447,1.475,2.525
817,3711.9194,-2.1281,-1.5489,1.475,2.525
818,16729.2141,-0.2268,-0.7749,1.475,2.525
819,18049.112,-0.3819,-0.8537,1.475,2.525
820,44673.4334,0.2568,1.9396,1.475,2.525
821,1447.7315,-2.3096,-1.5194,1.475,2.525
822,13941.3014,-0.4685,-1.234,1.475,2.525
823,2888.9802,-2.1102,-1.5473,1.475,2.525
824,17121.7102,-0.3993,-0.8998,1.475,2.525
825,6981.1815,-0.4746,-1.3751,1.475,2.525
826,18383.0513,-0.83,-0.25,1.475,2.525
827,21679.3198,-0.3744,-0.3181,1.475,2.525
828,2580.0715,-2.1704,-1.5421,1.475,2.525
829,37933.6698,-0.1196,1.65,1.475,2.525
830,19213.8526,-0.9246,0.1126,1.475,2.525
831,33674.9219,-0.1414,0.9753,1.475,2.525
832,20313.3464,-0.1323,-0.7495,1.475,2.525
833,18806.2321,-0.9537,0.1124,1.475,2.525
834,15807.7443,-0.4373,-1.0864,1.475,2.525
835,17976.1515,-0.9261,-0.0475,1.475,2.525
836,17519.3312,-0.4448,-0.9914,1.475,2.525
837,10149.9452,-0.4803,-1.9773,1.475,2.525
838,3094.9303,-2.2418,-1.5356,1.475,2.525
839,14660.0217,-0.4652,-1.0427,1.475,2.525
840,19718.0255,-0.9447,0.0139,1.475,2.525
841,30787.4334,-0.158,0.5225,1.475,2.525
842,2271.1777,-2.2131,-1.5446,1.475,2.525
843,20242.6264,-0.3091,-0.2698,1.475,2.525
844,20451.4863,-0.9565,0.3635,1.475,2.525
845,16721.7874,-0.4634,-1.428,1.475,2.525
846,15034.3192,-0.4611,-1.3514,1.475,2.525
847,12836.9111,-0.4614,-1.2464,1.475,2.525
848,22942.3383,-0.211,-0.1747,1.475,2.525
849,41694.0825,0.1999,1.784,1.475,2.525
850,3198.7346,-2.1162,-1.5389,1.475,2.525
851,17867.6225,-0.931,-0.1034,1.475,2.525
852,3750.8335,-1.7179,-1.6121,1.475,2.525
853,19509.394,-0.9184,-0.1293,1.475,2.525
854,18706.9011,-0.9566,0.1909,1.475,2.525
855,12283.7855,-1.8658,-0.4086,1.475,2.525
856,18482.1332,-0.5164,-0.3314,1.475,2.525
857,20631.7243,-0.6504,-0.3213,1.475,2.525
858,17636.0429,-0.3385,-0.858,1.475,2.525
859,21335.2092,-0.1504,-0.7629,1.475,2.525
860,3713.5393,-1.9684,-1.5426,1.475,2.525
861,17142.1687,-0.888,-0.1487,1.475,2.525
862,32568.5252,-0.1836,1.1611,1.475,2.525
863,18997.4518,-0.4838,-0.336,1.475,2.525
864,20436.8763,-0.469,-0.3278,1.475,2.525
865,18274.7249,-0.8721,-0.1867,1.475,2.525
866,20637.0923,-0.5792,-0.31,1.475,2.525
867,3094.942,-2.0607,-1.5491,1.475,2.525
868,15299.3295,-0.4729,-1.2048,1.475,2.525
869,20261.5913,-0.933,0.0631,1.475,2.525
870,17863.309,-0.906,-0.1564,1.475,2.525
871,41222.2847,-0.8937,0.0391,1.475,2.525
872,38634.4939,-0.873,-0.1059,1.475,2.525
873,38246.8025,-0.7858,-0.2054,1.475,2.525
874,42467.8985,-0.482,-0.2462,1.475,2.525
875,38766.9997,-0.8426,-0.1529,1.475,2.525
876,41222.2847,-0.8937,0.0391,1.475,2.525
877,38634.4939,-0.873,-0.1059,1.475,2.525
878,38246.8025,-0.7858,-0.2054,1.475,2.525
879,42467.8985,-0.482,-0.2462,1.475,2.525
880,38766.9997,-0.8426,-0.1529,1.475,2.525
881,104706.0758,0.6753,2.6571,1.475,2.525
882,40578.2873,-0.3734,-1.1071,1.475,2.525
883,36846.3131,-0.4197,-1.1611,1.475,2.525
884,46335.1218,-0.4036,-0.2682,1.475,2.525
885,38106.8771,-0.573,-0.2838,1.475,2.525
886,34115.1707,0.3204,-1.4512,1.475,2.525
887,37521.4249,-0.8159,-0.1891,1.475,2.525
888,38316.435,-0.8792,-0.1078,1.475,2.525
889,86738.8087,-0.031,1.6976,1.475,2.525
890,90537.012,0.1921,1.9454,1.475,2.525
891,46600.7044,-0.9039,0.7405,1.475,2.525
892,40328.4321,-0.5915,-0.2856,1.475,2.525
893,67974.8452,-0.1738,0.9457,1.475,2.525
894,106589.5943,0.7832,2.6542,1.475,2.525
895,40236.9769,-0.8907,-0.0726,1.475,2.525
896,99913.3875,0.7051,2.6568,1.475,2.525
897,39531.388,-0.8557,-0.1184,1.475,2.525
898,100056.7327,0.7751,2.6529,1.475,2.525
899,93523.2113,0.1919,1.9283,1.475,2.525
900,44071.2196,-0.2966,-0.1928,1.475,2.525
901,40336.0169,-0.9009,0.0698,1.475,2.525
902,22038.3503,-2.0113,-0.3744,1.475,2.525
903,41759.3365,-0.8919,0.0657,1.475,2.525
904,41333.7586,-0.4767,-0.2845,1.475,2.525
905,5820.8261,-2.0398,-1.6045,1.475,2.525
906,38296.8689,-0.8423,-0.1348,1.475,2.525
907,81193.2505,-0.1839,1.0079,1.475,2.525
908,38949.2609,-0.8638,-0.1289,1.475,2.525
909,39829.7101,-0.7556,-0.2169,1.475,2.525
910,39805.1407,-0.8058,-0.2029,1.475,2.525
911,69112.2503,-0.2027,1.7016,1.475,2.525
912,37923.3562,-0.8591,-0.145,1.475,2.525
913,5888.019,-2.6974,-0.8444,1.475,2.525
914,40743.9407,-0.7508,-0.2029,1.475,2.525
915,100498.5597,0.6339,2.658,1.475,2.525
916,44127.476,-0.9021,0.6019,1.475,2.525
917,24051.1998,-0.4145,-1.6034,1.475,2.525
918,54152.9277,-0.8771,0.6845,1.475,2.525
919,77845.8724,0.1041,1.7737,1.475,2.525
920,36964.1101,-0.823,-0.1567,1.475,2.525
921,64552.4706,-0.1561,0.7533,1.475,2.525
922,44399.3765,-0.3807,-0.2347,1.475,2.525
923,92545.4027,-0.0276,1.6936,1.475,2.525
924,61135.7439,-0.8578,0.6716,1.475,2.525
925,41591.4091,-0.6044,-0.2835,1.475,2.525
926,40108.2146,-0.4713,-0.2814,1.475,2.525
927,53340.3307,-0.9006,0.9461,1.475,2.525
928,56625.8306,-0.9028,0.9834,1.475,2.525
929,44100.7848,-0.4425,-0.2851,1.475,2.525
930,41113.2139,-0.7048,-0.2647,1.475,2.525
931,19073.039,-2.3239,-0.2436,1.475,2.525
932,41828.6171,-0.3612,-0.2607,1.475,2.525
933,44480.4144,-0.7955,-0.1971,1.475,2.525
934,102243.1709,0.6871,2.6542,1.475,2.525
935,102158.4731,0.8014,2.6535,1.475,2.525
936,105167.3132,0.6885,2.6562,1.475,2.525
937,80626.2456,-0.5075,2.2715,1.475,2.525
938,107969.2533,0.9145,2.6539,1.475,2.525
939,39463.9186,-0.6827,-0.2601,1.475,2.525
940,107931.5651,0.7076,2.6576,1.475,2.525
941,47396.998,-0.8864,0.2604,1.475,2.525
942,45287.9074,-0.9093,0.2886,1.475,2.525
943,58139.6897,-0.8857,0.7585,1.475,2.525
944,21540.3793,-2.3943,-0.0649,1.475,2.525
945,49620.8553,-0.9036,0.2036,1.475,2.525
946,104321.9167,0.8267,2.6449,1.475,2.525
947,102179.6778,0.8413,2.6581,1.475,2.525
948,101339.5359,0.837,2.6587,1.475,2.525
949,16003.7986,-2.7037,-0.4851,1.475,2.525
950,101363.0983,0.8612,2.6545,1.475,2.525
951,97453.7422,0.8401,2.6573,1.475,2.525
952,43229.5356,-0.8991,0.1785,1.475,2.525
953,101642.1583,0.8558,2.6429,1.475,2.525
954,12650.962,-2.7141,-0.7829,1.475,2.525
955,109690.1596,0.8984,2.6452,1.475,2.525
956,98586.4044,0.8503,2.6466,1.475,2.525
957,23859.8979,-2.3017,-0.2828,1.475,2.525
958,10895.3509,-2.7097,-0.7154,1.475,2.525
959,105023.5127,0.9078,2.6595,1.475,2.525
960,5096.1409,-2.1431,-1.5865,1.475,2.525
961,39478.6965,-0.7987,-0.1932,1.475,2.525
962,44816.4174,-0.7364,-0.2411,1.475,2.525
963,100394.0024,0.8019,2.647,1.475,2.525
964,104810.4489,0.8155,2.6553,1.475,2.525
965,114877.7373,0.7995,2.6456,1.475,2.525
966,101966.895,0.8464,2.6556,1.475,2.525
967,48526.3512,-0.241,-0.0914,1.475,2.525
968,27390.3938,-2.3981,-0.0637,1.475,2.525
969,104318.7427,0.853,2.644,1.475,2.525
970,58149.1835,-0.844,0.8084,1.475,2.525
971,58598.6223,-0.7621,1.2313,1.475,2.525
972,60476.7935,-0.8559,0.9115,1.475,2.525
973,44663.8534,-0.6278,-0.2807,1.475,2.525
974,39137.4556,-0.384,-1.0433,1.475,2.525
975,108267.2743,0.9961,2.6474,1.475,2.525
976,52046.912,-0.2759,-0.1625,1.475,2.525
977,105001.1451,0.9721,2.6617,1.475,2.525
978,42198.2052,-0.4276,-1.1394,1.475,2.525
979,27414.9726,-2.2837,-0.3261,1.475,2.525
980,57581.0774,-0.8587,0.8965,1.475,2.525
981,112045.1719,0.9762,2.5415,1.475,2.525
982,108177.7009,0.9543,2.6714,1.475,2.525
983,107611.3898,0.9471,2.6559,1.475,2.525
984,20906.4427,-2.7071,-0.4727,1.475,2.525
985,49645.7836,0.9772,2.524,1.475,2.525
986,13838.7008,0.979,2.4847,1.475,2.525
987,7768.1079,1.1395,2.166,1.475,2.525
988,11274.3651,1.0251,2.3097,1.475,2.525
989,58403.4687,0.8939,2.664,1.475,2.525
990,74444.0614,-0.5041,2.0697,1.475,2.525
991,25047.7501,-2.2744,-0.3217,1.475,2.525
992,27796.4631,-2.3927,0.0199,1.475,2.525
993,44739.9958,-0.232,-0.8551,1.475,2.525
994,43622.2984,-0.7103,-0.2491,1.475,2.525
995,43782.6924,-0.5822,-0.2842,1.475,2.525
996,47514.2052,-0.2988,-0.2397,1.475,2.525
997,107272.8968,0.9834,2.6022,1.475,2.525
998,43397.2225,-0.8849,0.1221,1.475,2.525
999,26499.1677,-2.3918,-0.0912,1.475,2.525
1000,54263.2882,-0.8683,0.4478,1.475,2.525
1001,25892.0792,-2.2244,-0.3336,1.475,2.525
1002,54521.6432,-0.8667,0.4865,1.475,2.525
1003,100322.8268,0.5133,2.6533,1.475,2.525
1004,42233.7421,-0.3655,-0.9347,1.475,2.525
1005,117811.1849,1.0058,2.3575,1.475,2.525
1006,110606.4578,0.9781,2.5581,1.475,2.525
1007,119915.3474,0.986,2.5961,1.475,2.525
1008,110183.8475,0.985,2.6189,1.475,2.525
1009,25527.4831,-2.0504,-0.3874,1.475,2.525
1010,6385.5199,-2.1975,-1.5808,1.475,2.525
1011,48556.3871,-0.2823,-0.1802,1.475,2.525
1012,100011.7046,0.8539,2.6588,1.475,2.525
1013,111555.9287,0.9823,2.6058,1.475,2.525
1014,74681.8326,0.8169,0.4424,1.475,2.525
1015,20960.1979,-2.3954,-0.0236,1.475,2.525
1016,74172.7763,0.8235,0.4598,1.475,2.525
1017,83266.3994,1.0366,0.2969,1.475,2.525
1018,104991.2653,0.9777,2.5399,1.475,2.525
1019,102663.7195,0.9783,2.5478,1.475,2.525
1020,40165.3254,-0.7698,-0.2305,1.475,2.525
1021,113932.3413,0.9822,2.4464,1.475,2.525
1022,111890.3097,0.9972,2.38,1.475,2.525
1023,27189.1167,-2.3075,-0.2824,1.475,2.525
1024,104212.8359,0.9237,2.657,1.475,2.525
1025,41103.4234,-0.2795,-0.8827,1.475,2.525
1026,106935.6369,0.9782,2.4871,1.475,2.525
1027,76525.3133,1.0003,0.3159,1.475,2.525
1028,119598.7623,0.993,2.6577,1.475,2.525
1029,75266.6849,1.0243,0.2991,1.475,2.525
1030,74013.055,0.7949,0.5818,1.475,2.525
1031,40672.0053,-0.6358,-0.2517,1.475,2.525
1032,115633.4276,0.9818,2.5997,1.475,2.525
1033,82449.7641,1.2149,0.1879,1.475,2.525
1034,75887.6974,0.9229,0.3611,1.475,2.525
1035,107661.2368,0.9768,2.5589,1.475,2.525
1036,45435.0088,-0.1013,-0.8254,1.475,2.525
1037,106133.9148,0.6653,2.6473,1.475,2.525
1038,112674.9528,0.9903,2.6441,1.475,2.525
1039,38487.2174,-0.3771,-0.9575,1.475,2.525
1040,107667.4986,0.7839,2.6463,1.475,2.525
1041,42691.1375,-0.1628,-0.8121,1.475,2.525
1042,44850.6894,-0.8864,0.4484,1.475,2.525
1043,71804.1454,1.0983,0.2744,1.475,2.525
1044,109269.2542,0.9797,2.5649,1.475,2.525
1045,109512.3624,0.8969,2.6451,1.475,2.525
1046,72809.7172,0.8003,0.5856,1.475,2.525
1047,36774.6262,-0.3944,-0.9964,1.475,2.525
1048,3433.1148,-2.2237,-1.5903,1.475,2.525
1049,24779.3451,-1.8861,-0.3663,1.475,2.525
1050,41552.0504,-0.0739,-0.8334,1.475,2.525
1051,89669.5958,0.2471,1.9111,1.475,2.525
1052,74650.9878,0.7887,0.7596,1.475,2.525
1053,105607.5494,0.7979,2.6647,1.475,2.525
1054,51037.0926,-0.1679,-0.0226,1.475,2.525
1055,33207.4052,-0.377,-0.9307,1.475,2.525
1056,22986.8768,-2.2109,-0.3563,1.475,2.525
1057,37211.9373,-2.3755,0.5604,1.475,2.525
1058,104556.4918,0.8128,2.6433,1.475,2.525
1059,36499.6127,-0.3234,-0.9199,1.475,2.525
1060,76086.8078,0.9663,0.3412,1.475,2.525
1061,102811.2178,0.7443,2.6474,1.475,2.525
1062,39459.0851,-0.327,-0.8779,1.475,2.525
1063,39777.3566,-0.3614,-0.9322,1.475,2.525
1064,107928.0504,0.6725,2.6582,1.475,2.525
1065,38291.1063,-0.4088,-1.0208,1.475,2.525
1066,19634.3985,-2.2721,-0.3291,1.475,2.525
1067,43461.8966,-0.3657,-0.9395,1.475,2.525
1068,66681.2884,-0.504,1.3193,1.475,2.525
1069,44194.6548,-0.8659,0.4433,1.475,2.525
1070,-6663.8108,-0.4352,-2.7141,1.475,2.525
1071,116095.5279,1.001,2.6752,1.475,2.525
1072,63023.0928,-0.887,1.0785,1.475,2.525
1073,48150.4452,-0.2611,-0.1623,1.475,2.525
1074,113668.2919,0.9908,2.648,1.475,2.525
1075,32865.3557,-0.4237,-1.1724,1.475,2.525
1076,59427.5377,-0.866,0.6013,1.475,2.525
1077,100777.7125,0.7413,2.6551,1.475,2.525
1078,40290.8528,-0.3143,-0.8591,1.475,2.525
1079,114215.9563,0.9851,2.6196,1.475,2.525
1080,44846.0487,-0.3418,-0.2555,1.475,2.525
1081,58631.7605,1.0171,-0.4741,1.475,2.525
1082,68452.1824,-0.1594,0.8697,1.475,2.525
1083,30337.5416,-0.3926,-1.0382,1.475,2.525
1084,31762.3955,-0.4165,-1.1304,1.475,2.525
1085,75819.149,-0.4228,1.3203,1.475,2.525
1086,83494.4563,0.1524,1.8492,1.475,2.525
1087,36819.8138,-0.7509,-0.2098,1.475,2.525
1088,56054.3259,-0.8652,0.8811,1.475,2.525
1089,113743.4823,0.9944,2.662,1.475,2.525
1090,109706.281,0.9792,2.5472,1.475,2.525
1091,67056.0687,-0.1496,0.8428,1.475,2.525
1092,96590.675,0.0786,1.7229,1.475,2.525
1093,63299.3984,-1.1448,2.6993,1.475,2.525
1094,74627.7329,-0.5066,2.0932,1.475,2.525
1095,77042.3117,-0.1363,1.6919,1.475,2.525
1096,108572.5916,0.9858,2.6175,1.475,2.525
1097,80267.9931,-0.7316,2.6527,1.475,2.525
1098,101904.1046,0.9915,2.6355,1.475,2.525
1099,62042.2515,-0.8935,1.095,1.475,2.525
1100,67001.8847,-0.467,1.3202,1.475,2.525
1101,20525.2697,-2.7291,-0.2134,1.475,2.525
1102,24215.3568,-2.3668,-0.2078,1.475,2.525
1103,72268.161,-0.8605,2.6476,1.475,2.525
1104,86633.8336,-0.4794,2.6432,1.475,2.525
1105,74254.7677,-0.5076,2.0777,1.475,2.525
1106,78838.2737,-0.4732,1.9014,1.475,2.525
1107,35342.4891,-1.6708,0.0471,1.475,2.525
1108,73439.4566,0.87,0.4284,1.475,2.525
1109,81512.734,-0.1236,1.7501,1.475,2.525
1110,85669.4454,-0.6039,2.6448,1.475,2.525
1111,74784.4448,-0.2176,1.7018,1.475,2.525
1112,39885.3514,-0.8727,-0.1057,1.475,2.525
1113,88756.7451,-0.6189,2.6459,1.475,2.525
1114,4877.1941,-2.1939,-1.5451,1.475,2.525
1115,74689.4984,-0.7122,2.6432,1.475,2.525
1116,42148.1068,-0.3893,-0.268,1.475,2.525
1117,90404.0815,-0.5655,2.6537,1.475,2.525
1118,84878.8832,-0.4874,2.1827,1.475,2.525
1119,80560.3003,0.0192,1.7133,1.475,2.525
1120,43589.0669,-0.3723,-0.2725,1.475,2.525
1121,106988.252,0.954,2.6582,1.475,2.525
1122,80803.5298,-0.7679,2.6493,1.475,2.525
1123,82356.36,-0.5557,2.6431,1.475,2.525
1124,82342.5783,-0.4719,2.2671,1.475,2.525
1125,75589.4257,-0.427,1.8111,1.475,2.525
1126,41972.527,-0.8676,-0.1089,1.475,2.525
1127,78140.812,-0.4998,1.9403,1.475,2.525
1128,80784.8576,-0.4996,2.1624,1.475,2.525
1129,77791.1221,-0.591,2.6452,1.475,2.525
1130,87008.7024,-0.6766,2.6453,1.475,2.525
1131,89483.3608,0.9884,2.6257,1.475,2.525
1132,79023.6906,-0.7731,2.6428,1.475,2.525
1133,38110.0247,-0.8593,-0.1342,1.475,2.525
1134,91623.3631,-0.4719,2.3661,1.475,2.525
1135,86128.2258,-0.4703,2.5646,1.475,2.525
1136,39549.4898,-0.6695,-0.2639,1.475,2.525
1137,22194.2435,-1.823,-0.3238,1.475,2.525
1138,89057.4075,-0.4931,2.2414,1.475,2.525
1139,83918.3261,-0.8111,2.6466,1.475,2.525
1140,40998.1027,-0.7315,-0.254,1.475,2.525
1141,73670.0158,-0.5059,2.06,1.475,2.525
1142,80898.1126,-0.4962,1.9115,1.475,2.525
1143,75048.3483,-0.5597,2.6458,1.475,2.525
1144,73311.4768,-0.0247,1.691,1.475,2.525
1145,84718.1188,-0.4798,2.6438,1.475,2.525
1146,90313.8458,-0.6205,2.6435,1.475,2.525
1147,83175.4843,-0.6321,2.6484,1.475,2.525
1148,26151.8487,-1.856,-0.3595,1.475,2.525
1149,81278.2128,-0.7952,2.6441,1.475,2.525
1150,85770.1942,-0.4817,2.5778,1.475,2.525
1151,74274.6931,-0.4028,1.7934,1.475,2.525
1152,91461.9181,-0.476,2.4773,1.475,2.525
1153,92346.8159,-0.4642,2.2202,1.475,2.525
1154,89534.6851,-0.6211,2.6544,1.475,2.525
1155,29838.4935,-1.8504,-0.3228,1.475,2.525
1156,74265.9233,-0.3793,1.7515,1.475,2.525
1157,84754.6426,-0.8404,2.6476,1.475,2.525
1158,86207.1776,-0.705,2.6455,1.475,2.525
1159,79713.9349,-0.3124,1.7201,1.475,2.525
1160,40050.1178,-0.8909,0.0723,1.475,2.525
1161,42578.2115,-0.5168,-0.2831,1.475,2.525
1162,42518.5138,-0.8901,-0.0549,1.475,2.525
1163,82707.5963,-0.4642,2.3696,1.475,2.525
1164,33187.7173,-1.6693,-0.1778,1.475,2.525
1165,48502.9196,-0.6297,-0.2814,1.475,2.525
1166,86230.1925,-0.4684,2.6032,1.475,2.525
1167,54935.9966,-0.8797,0.6971,1.475,2.525
1168,26177.8774,-2.067,-0.3728,1.475,2.525
1169,85962.0531,-0.4648,2.5623,1.475,2.525
1170,9093.5582,-1.9741,-1.5871,1.475,2.525
1171,72271.9572,-0.3925,1.7639,1.475,2.525
1172,31787.0269,-1.9264,-0.3769,1.475,2.525
1173,50805.1491,-0.1781,0.0164,1.475,2.525
1174,24318.0709,-2.081,-0.3771,1.475,2.525
1175,79251.8674,-1.236,2.6432,1.475,2.525
1176,31570.6158,-1.765,-0.2355,1.475,2.525
1177,44201.963,-0.8938,0.0972,1.475,2.525
1178,34449.4341,-1.708,-0.1305,1.475,2.525
1179,96044.8769,-0.563,2.6439,1.475,2.525
1180,47135.0367,-1.6858,0.5566,1.475,2.525
1181,30873.8088,-1.7196,-0.2718,1.475,2.525
1182,29356.3165,-1.7963,-0.3284,1.475,2.525
1183,13558.1513,-2.6893,-0.4324,1.475,2.525
1184,73994.1301,-1.0454,2.6431,1.475,2.525
1185,77535.4903,-0.5056,2.0419,1.475,2.525
1186,34010.7245,-1.6449,0.3267,1.475,2.525
1187,62048.5022,-0.1812,0.7287,1.475,2.525
1188,28846.7159,-2.0625,-0.3847,1.475,2.525
1189,73080.5265,-0.5035,2.0598,1.475,2.525
1190,26029.5941,-2.3717,-0.2193,1.475,2.525
1191,22512.3167,-2.334,-0.2691,1.475,2.525
1192,85913.0971,-0.8082,2.6438,1.475,2.525
1193,60995.7246,-0.8918,1.0611,1.475,2.525
1194,90930.3361,-0.4716,2.5047,1.475,2.525
1195,86261.4073,-0.5251,2.6578,1.475,2.525
1196,94589.1883,-0.4938,2.6464,1.475,2.525
1197,43123.8281,-0.8903,0.0992,1.475,2.525
1198,79757.4648,-0.4635,2.5219,1.475,2.525
1199,76970.7289,-1.0909,2.6467,1.475,2.525
1200,41719.9078,-0.8866,-0.0158,1.475,2.525
1201,73369.0425,-0.2167,1.7172,1.475,2.525
1202,70383.1332,-0.0296,1.7361,1.475,2.525
1203,71916.5601,-0.4748,1.8661,1.475,2.525
1204,72366.1712,-0.1307,1.7146,1.475,2.525
1205,107230.012,0.9901,2.4171,1.475,2.525
1206,44373.2588,-0.8805,0.0167,1.475,2.525
1207,47295.104,-0.3389,-0.2462,1.475,2.525
1208,23994.7005,-2.1853,-0.3657,1.475,2.525
1209,55502.8423,-0.8443,0.7646,1.475,2.525
1210,67229.8863,-0.4955,1.3225,1.475,2.525
1211,75990.3138,-0.4782,1.8672,1.475,2.525
1212,74238.6399,-0.0261,1.7179,1.475,2.525
1213,34739.3601,-1.6543,0.4298,1.475,2.525
1214,37759.1663,-0.8569,-0.1373,1.475,2.525
1215,40896.912,-0.5291,-0.2846,1.475,2.525
1216,64243.9814,-0.8468,1.1873,1.475,2.525
1217,110345.2215,0.9814,2.5756,1.475,2.525
1218,104501.0264,1.0081,2.3473,1.475,2.525
1219,42207.6687,-0.6063,-0.2862,1.475,2.525
1220,43498.5434,-0.8117,-0.1992,1.475,2.525
1221,46157.4086,-0.8928,-0.0099,1.475,2.525
1222,92797.6092,-0.6813,2.6468,1.475,2.525
1223,100767.4363,1.0115,2.3497,1.475,2.525
1224,44890.6141,-0.5852,-0.2864,1.475,2.525
1225,81792.1768,-0.4666,2.047,1.475,2.525
1226,29697.8872,-1.7395,-0.275,1.475,2.525
1227,40012.2513,-0.7076,-0.2617,1.475,2.525
1228,28766.0243,-1.8023,-0.3351,1.475,2.525
1229,70564.6229,-0.3703,1.2713,1.475,2.525
1230,47966.318,-0.2362,-0.16,1.475,2.525
1231,66980.9376,-0.7754,1.193,1.475,2.525
1232,82821.0579,-0.4708,2.3819,1.475,2.525
1233,59489.1407,-0.7725,1.2394,1.475,2.525
1234,38414.2577,-0.2032,-0.8349,1.475,2.525
1235,42544.5075,-0.8671,0.0483,1.475,2.525
1236,73613.1835,1.0974,0.2599,1.475,2.525
1237,65044.8065,-0.7549,1.2689,1.475,2.525
1238,96247.5832,1.0556,2.2535,1.475,2.525
1239,76445.1334,0.8784,0.4347,1.475,2.525
1240,72125.4141,1.0602,0.3196,1.475,2.525
1241,33339.1016,-0.4164,-1.1148,1.475,2.525
1242,40258.0377,-0.1268,-0.8154,1.475,2.525
1243,113035.0555,0.9794,2.4699,1.475,2.525
1244,47840.0232,0.8797,-0.8968,1.475,2.525
1245,41457.2786,-0.6034,-0.287,1.475,2.525
1246,26354.1486,-1.6829,-0.2192,1.475,2.525
1247,101481.6963,2.4639,1.4911,1.475,2.525
1248,100888.8716,1.0133,2.3358,1.475,2.525
1249,100930.5888,0.9973,2.3861,1.475,2.525
1250,62392.1936,-0.6317,1.3295,1.475,2.525
1251,41216.7481,-0.7347,-0.2251,1.475,2.525
1252,39425.3395,-0.6898,-0.2742,1.475,2.525
1253,40927.9234,-0.7562,-0.223,1.475,2.525
1254,59381.2912,-0.8962,1.0837,1.475,2.525
1255,84529.3288,-0.6711,2.6467,1.475,2.525
1256,103151.2209,0.9966,2.6685,1.475,2.525
1257,104928.3823,0.885,2.6523,1.475,2.525
1258,57887.2256,-0.8426,1.1261,1.475,2.525
1259,107782.3285,1.1283,2.1702,1.475,2.525
1260,85506.6169,-0.0041,1.7002,1.475,2.525
1261,34522.1198,-0.4198,-1.1152,1.475,2.525
1262,107484.3798,0.9961,2.6647,1.475,2.525
1263,102544.2596,0.8435,2.6588,1.475,2.525
1264,65866.9209,-0.7814,1.2167,1.475,2.525
1265,77392.1114,0.0166,1.7103,1.475,2.525
1266,44140.6069,-0.8894,-0.0598,1.475,2.525
1267,60400.7919,-0.8977,1.0327,1.475,2.525
1268,46856.1052,-0.8513,0.2377,1.475,2.525
1269,40894.707,-0.7921,-0.2003,1.475,2.525
1270,78634.8168,-0.4893,2.1792,1.475,2.525
1271,78784.4158,-0.082,1.6947,1.475,2.525
1272,38849.8255,-0.8168,-0.1943,1.475,2.525
1273,41474.622,-0.8181,-0.1628,1.475,2.525
1274,107711.2705,0.9891,2.6545,1.475,2.525
1275,53588.5694,-0.1558,0.0182,1.475,2.525
1276,63037.7149,-0.8006,1.2539,1.475,2.525
1277,42416.209,-0.7133,-0.2482,1.475,2.525
1278,104447.5956,0.9782,2.5098,1.475,2.525
1279,41604.2191,-0.6855,-0.2697,1.475,2.525
1280,60130.6186,-0.8172,1.1778,1.475,2.525
1281,41658.3828,-0.7825,-0.2181,1.475,2.525
1282,57566.1451,-0.878,0.8605,1.475,2.525
1283,112725.0298,0.9797,2.4954,1.475,2.525
1284,45195.4283,-0.9023,-0.0292,1.475,2.525
1285,61938.5128,-0.8791,1.0942,1.475,2.525
1286,76265.7941,-0.5027,2.339,1.475,2.525
1287,43605.2738,-0.3092,-0.2204,1.475,2.525
1288,53799.0337,-0.1847,-0.1022,1.475,2.525
1289,85470.5959,0.1377,1.7749,1.475,2.525
1290,84203.5837,-0.2006,1.7145,1.475,2.525
